PROVIDER;DESCRIPTION;ACCOUNTID;REGION;ASSESSMENTDATE;REQUIREMENTS_ID;REQUIREMENTS_DESCRIPTION;REQUIREMENTS_ATTRIBUTES_SECTION;REQUIREMENTS_ATTRIBUTES_SUBSECTION;REQUIREMENTS_ATTRIBUTES_SUBGROUP;REQUIREMENTS_ATTRIBUTES_SERVICE;REQUIREMENTS_ATTRIBUTES_TYPE;STATUS;STATUSEXTENDED;RESOURCEID;CHECKID;MUTED;RESOURCENAME;FRAMEWORK;NAME;REQUIREMENTS_ATTRIBUTES_COMMENT
aws;The Reserve Bank had prescribed a set of baseline cyber security controls for primary (Urban) cooperative banks (UCBs) in October 2018. On further examination, it has been decided to prescribe a comprehensive cyber security framework for the UCBs, as a graded approach, based on their digital depth and interconnectedness with the payment systems landscape, digital products offered by them and assessment of cyber security risk. The framework would mandate implementation of progressively stronger security measures based on the nature, variety and scale of digital product offerings of banks.;735291151388;ap-south-1;2026-07-11 14:19:13.485135;annex_i_7_4;Implement appropriate (e.g. centralised) systems and controls to allow, manage, log and monitor privileged/super user/administrative access to critical systems (servers/databases, applications, network devices etc.);;;;aws;;FAIL;Single region trail cloudguardian-trail has not been logging in the last 24h or is not configured to deliver logs.;arn:aws:cloudtrail:ap-south-1:735291151388:trail/cloudguardian-trail;cloudtrail_cloudwatch_logging_enabled;False;cloudguardian-trail;RBI-Cyber-Security-Framework;Reserve Bank of India (RBI) Cyber Security Framework;
aws;The Reserve Bank had prescribed a set of baseline cyber security controls for primary (Urban) cooperative banks (UCBs) in October 2018. On further examination, it has been decided to prescribe a comprehensive cyber security framework for the UCBs, as a graded approach, based on their digital depth and interconnectedness with the payment systems landscape, digital products offered by them and assessment of cyber security risk. The framework would mandate implementation of progressively stronger security measures based on the nature, variety and scale of digital product offerings of banks.;735291151388;ap-south-1;2026-07-11 14:19:13.485135;annex_i_1_3;Appropriately manage and provide protection within and outside UCB/network, keeping in mind how the data/information is stored, transmitted, processed, accessed and put to use within/outside the UCB’s network, and level of risk they are exposed to depending on the sensitivity of the data/information.;;;;aws;;FAIL;Single region trail cloudguardian-trail has encryption disabled.;arn:aws:cloudtrail:ap-south-1:735291151388:trail/cloudguardian-trail;cloudtrail_kms_encryption_enabled;False;cloudguardian-trail;RBI-Cyber-Security-Framework;Reserve Bank of India (RBI) Cyber Security Framework;
aws;The Reserve Bank had prescribed a set of baseline cyber security controls for primary (Urban) cooperative banks (UCBs) in October 2018. On further examination, it has been decided to prescribe a comprehensive cyber security framework for the UCBs, as a graded approach, based on their digital depth and interconnectedness with the payment systems landscape, digital products offered by them and assessment of cyber security risk. The framework would mandate implementation of progressively stronger security measures based on the nature, variety and scale of digital product offerings of banks.;735291151388;ap-south-1;2026-07-11 14:19:13.485135;annex_i_7_4;Implement appropriate (e.g. centralised) systems and controls to allow, manage, log and monitor privileged/super user/administrative access to critical systems (servers/databases, applications, network devices etc.);;;;aws;;PASS;Trail cloudguardian-trail is not multiregion and it is logging.;arn:aws:cloudtrail:ap-south-1:735291151388:trail/cloudguardian-trail;cloudtrail_multi_region_enabled;False;cloudguardian-trail;RBI-Cyber-Security-Framework;Reserve Bank of India (RBI) Cyber Security Framework;
aws;The Reserve Bank had prescribed a set of baseline cyber security controls for primary (Urban) cooperative banks (UCBs) in October 2018. On further examination, it has been decided to prescribe a comprehensive cyber security framework for the UCBs, as a graded approach, based on their digital depth and interconnectedness with the payment systems landscape, digital products offered by them and assessment of cyber security risk. The framework would mandate implementation of progressively stronger security measures based on the nature, variety and scale of digital product offerings of banks.;735291151388;ap-south-1;2026-07-11 14:19:13.485135;annex_i_7_4;Implement appropriate (e.g. centralised) systems and controls to allow, manage, log and monitor privileged/super user/administrative access to critical systems (servers/databases, applications, network devices etc.);;;;aws;;FAIL;No CloudTrail trails have a data event to record all S3 object-level API operations.;arn:aws:cloudtrail:ap-south-1:735291151388:trail;cloudtrail_s3_dataevents_read_enabled;False;735291151388;RBI-Cyber-Security-Framework;Reserve Bank of India (RBI) Cyber Security Framework;
aws;The Reserve Bank had prescribed a set of baseline cyber security controls for primary (Urban) cooperative banks (UCBs) in October 2018. On further examination, it has been decided to prescribe a comprehensive cyber security framework for the UCBs, as a graded approach, based on their digital depth and interconnectedness with the payment systems landscape, digital products offered by them and assessment of cyber security risk. The framework would mandate implementation of progressively stronger security measures based on the nature, variety and scale of digital product offerings of banks.;735291151388;ap-south-1;2026-07-11 14:19:13.485135;annex_i_7_4;Implement appropriate (e.g. centralised) systems and controls to allow, manage, log and monitor privileged/super user/administrative access to critical systems (servers/databases, applications, network devices etc.);;;;aws;;FAIL;No CloudTrail trails have a data event to record all S3 object-level API operations.;arn:aws:cloudtrail:ap-south-1:735291151388:trail;cloudtrail_s3_dataevents_write_enabled;False;735291151388;RBI-Cyber-Security-Framework;Reserve Bank of India (RBI) Cyber Security Framework;
aws;The Reserve Bank had prescribed a set of baseline cyber security controls for primary (Urban) cooperative banks (UCBs) in October 2018. On further examination, it has been decided to prescribe a comprehensive cyber security framework for the UCBs, as a graded approach, based on their digital depth and interconnectedness with the payment systems landscape, digital products offered by them and assessment of cyber security risk. The framework would mandate implementation of progressively stronger security measures based on the nature, variety and scale of digital product offerings of banks.;735291151388;ap-south-1;2026-07-11 14:19:13.485135;annex_i_1_3;Appropriately manage and provide protection within and outside UCB/network, keeping in mind how the data/information is stored, transmitted, processed, accessed and put to use within/outside the UCB’s network, and level of risk they are exposed to depending on the sensitivity of the data/information.;;;;aws;;FAIL;EBS Default Encryption is not activated.;arn:aws:ec2:ap-south-1:735291151388:volume;ec2_ebs_default_encryption;False;735291151388;RBI-Cyber-Security-Framework;Reserve Bank of India (RBI) Cyber Security Framework;
aws;The Reserve Bank had prescribed a set of baseline cyber security controls for primary (Urban) cooperative banks (UCBs) in October 2018. On further examination, it has been decided to prescribe a comprehensive cyber security framework for the UCBs, as a graded approach, based on their digital depth and interconnectedness with the payment systems landscape, digital products offered by them and assessment of cyber security risk. The framework would mandate implementation of progressively stronger security measures based on the nature, variety and scale of digital product offerings of banks.;735291151388;ap-south-1;2026-07-11 14:19:13.485135;annex_i_1_3;Appropriately manage and provide protection within and outside UCB/network, keeping in mind how the data/information is stored, transmitted, processed, accessed and put to use within/outside the UCB’s network, and level of risk they are exposed to depending on the sensitivity of the data/information.;;;;aws;;FAIL;EBS Snapshot vol-022955d77ae658dd5 is unencrypted.;arn:aws:ec2:ap-south-1:735291151388:volume/vol-022955d77ae658dd5;ec2_ebs_volume_encryption;False;vol-022955d77ae658dd5;RBI-Cyber-Security-Framework;Reserve Bank of India (RBI) Cyber Security Framework;
aws;The Reserve Bank had prescribed a set of baseline cyber security controls for primary (Urban) cooperative banks (UCBs) in October 2018. On further examination, it has been decided to prescribe a comprehensive cyber security framework for the UCBs, as a graded approach, based on their digital depth and interconnectedness with the payment systems landscape, digital products offered by them and assessment of cyber security risk. The framework would mandate implementation of progressively stronger security measures based on the nature, variety and scale of digital product offerings of banks.;735291151388;ap-south-1;2026-07-11 14:19:13.485135;annex_i_1_1;UCBs should maintain an up-to-date business IT Asset Inventory Register containing the following fields, as a minimum: a) Details of the IT Asset (viz., hardware/software/network devices, key personnel, services, etc.), b. Details of systems where customer data are stored, c. Associated business applications, if any, d. Criticality of the IT asset (For example, High/Medium/Low).;;;;aws;;PASS;EC2 Instance i-0c7395c282641f31e is managed by Systems Manager.;arn:aws:ec2:ap-south-1:735291151388:instance/i-0c7395c282641f31e;ec2_instance_managed_by_ssm;False;i-0c7395c282641f31e;RBI-Cyber-Security-Framework;Reserve Bank of India (RBI) Cyber Security Framework;
aws;The Reserve Bank had prescribed a set of baseline cyber security controls for primary (Urban) cooperative banks (UCBs) in October 2018. On further examination, it has been decided to prescribe a comprehensive cyber security framework for the UCBs, as a graded approach, based on their digital depth and interconnectedness with the payment systems landscape, digital products offered by them and assessment of cyber security risk. The framework would mandate implementation of progressively stronger security measures based on the nature, variety and scale of digital product offerings of banks.;735291151388;ap-south-1;2026-07-11 14:19:13.485135;annex_i_1_3;Appropriately manage and provide protection within and outside UCB/network, keeping in mind how the data/information is stored, transmitted, processed, accessed and put to use within/outside the UCB’s network, and level of risk they are exposed to depending on the sensitivity of the data/information.;;;;aws;;FAIL;EC2 Instance i-0c7395c282641f31e has a Public IP: 13.207.69.17 (ec2-13-207-69-17.ap-south-1.compute.amazonaws.com).;arn:aws:ec2:ap-south-1:735291151388:instance/i-0c7395c282641f31e;ec2_instance_public_ip;False;i-0c7395c282641f31e;RBI-Cyber-Security-Framework;Reserve Bank of India (RBI) Cyber Security Framework;
aws;The Reserve Bank had prescribed a set of baseline cyber security controls for primary (Urban) cooperative banks (UCBs) in October 2018. On further examination, it has been decided to prescribe a comprehensive cyber security framework for the UCBs, as a graded approach, based on their digital depth and interconnectedness with the payment systems landscape, digital products offered by them and assessment of cyber security risk. The framework would mandate implementation of progressively stronger security measures based on the nature, variety and scale of digital product offerings of banks.;735291151388;ap-south-1;2026-07-11 14:19:13.485135;annex_i_1_3;Appropriately manage and provide protection within and outside UCB/network, keeping in mind how the data/information is stored, transmitted, processed, accessed and put to use within/outside the UCB’s network, and level of risk they are exposed to depending on the sensitivity of the data/information.;;;;aws;;FAIL;Network ACL acl-055a0136ea4bc4585 has every port open to the Internet.;arn:aws:ec2:ap-south-1:735291151388:network-acl/acl-055a0136ea4bc4585;ec2_networkacl_allow_ingress_any_port;False;acl-055a0136ea4bc4585;RBI-Cyber-Security-Framework;Reserve Bank of India (RBI) Cyber Security Framework;
aws;The Reserve Bank had prescribed a set of baseline cyber security controls for primary (Urban) cooperative banks (UCBs) in October 2018. On further examination, it has been decided to prescribe a comprehensive cyber security framework for the UCBs, as a graded approach, based on their digital depth and interconnectedness with the payment systems landscape, digital products offered by them and assessment of cyber security risk. The framework would mandate implementation of progressively stronger security measures based on the nature, variety and scale of digital product offerings of banks.;735291151388;ap-south-1;2026-07-11 14:19:13.485135;annex_i_5_1;The firewall configurations should be set to the highest security level and evaluation of critical device (such as firewall, network switches, security devices, etc.) configurations should be done periodically.;;;;aws;;FAIL;Network ACL acl-055a0136ea4bc4585 has every port open to the Internet.;arn:aws:ec2:ap-south-1:735291151388:network-acl/acl-055a0136ea4bc4585;ec2_networkacl_allow_ingress_any_port;False;acl-055a0136ea4bc4585;RBI-Cyber-Security-Framework;Reserve Bank of India (RBI) Cyber Security Framework;
aws;The Reserve Bank had prescribed a set of baseline cyber security controls for primary (Urban) cooperative banks (UCBs) in October 2018. On further examination, it has been decided to prescribe a comprehensive cyber security framework for the UCBs, as a graded approach, based on their digital depth and interconnectedness with the payment systems landscape, digital products offered by them and assessment of cyber security risk. The framework would mandate implementation of progressively stronger security measures based on the nature, variety and scale of digital product offerings of banks.;735291151388;ap-south-1;2026-07-11 14:19:13.485135;annex_i_1_3;Appropriately manage and provide protection within and outside UCB/network, keeping in mind how the data/information is stored, transmitted, processed, accessed and put to use within/outside the UCB’s network, and level of risk they are exposed to depending on the sensitivity of the data/information.;;;;aws;;FAIL;Network ACL acl-0db7c7715aa3918aa has every port open to the Internet.;arn:aws:ec2:ap-south-1:735291151388:network-acl/acl-0db7c7715aa3918aa;ec2_networkacl_allow_ingress_any_port;False;acl-0db7c7715aa3918aa;RBI-Cyber-Security-Framework;Reserve Bank of India (RBI) Cyber Security Framework;
aws;The Reserve Bank had prescribed a set of baseline cyber security controls for primary (Urban) cooperative banks (UCBs) in October 2018. On further examination, it has been decided to prescribe a comprehensive cyber security framework for the UCBs, as a graded approach, based on their digital depth and interconnectedness with the payment systems landscape, digital products offered by them and assessment of cyber security risk. The framework would mandate implementation of progressively stronger security measures based on the nature, variety and scale of digital product offerings of banks.;735291151388;ap-south-1;2026-07-11 14:19:13.485135;annex_i_5_1;The firewall configurations should be set to the highest security level and evaluation of critical device (such as firewall, network switches, security devices, etc.) configurations should be done periodically.;;;;aws;;FAIL;Network ACL acl-0db7c7715aa3918aa has every port open to the Internet.;arn:aws:ec2:ap-south-1:735291151388:network-acl/acl-0db7c7715aa3918aa;ec2_networkacl_allow_ingress_any_port;False;acl-0db7c7715aa3918aa;RBI-Cyber-Security-Framework;Reserve Bank of India (RBI) Cyber Security Framework;
aws;The Reserve Bank had prescribed a set of baseline cyber security controls for primary (Urban) cooperative banks (UCBs) in October 2018. On further examination, it has been decided to prescribe a comprehensive cyber security framework for the UCBs, as a graded approach, based on their digital depth and interconnectedness with the payment systems landscape, digital products offered by them and assessment of cyber security risk. The framework would mandate implementation of progressively stronger security measures based on the nature, variety and scale of digital product offerings of banks.;735291151388;ap-south-1;2026-07-11 14:19:13.485135;annex_i_5_1;The firewall configurations should be set to the highest security level and evaluation of critical device (such as firewall, network switches, security devices, etc.) configurations should be done periodically.;;;;aws;;FAIL;Security group cloudguardian-web-sg (sg-0fdba0a657788f1d7) has SSH port 22 open to the Internet.;arn:aws:ec2:ap-south-1:735291151388:security-group/sg-0fdba0a657788f1d7;ec2_securitygroup_allow_ingress_from_internet_to_tcp_port_22;False;sg-0fdba0a657788f1d7;RBI-Cyber-Security-Framework;Reserve Bank of India (RBI) Cyber Security Framework;
aws;The Reserve Bank had prescribed a set of baseline cyber security controls for primary (Urban) cooperative banks (UCBs) in October 2018. On further examination, it has been decided to prescribe a comprehensive cyber security framework for the UCBs, as a graded approach, based on their digital depth and interconnectedness with the payment systems landscape, digital products offered by them and assessment of cyber security risk. The framework would mandate implementation of progressively stronger security measures based on the nature, variety and scale of digital product offerings of banks.;735291151388;ap-south-1;2026-07-11 14:19:13.485135;annex_i_7_3;Remote Desktop Protocol (RDP) which allows others to access the computer remotely over a network or over the internet should be always disabled and should be enabled only with the approval of the authorised officer of the UCB. Logs for such remote access shall be enabled and monitored for suspicious activities.;;;;vpc;;FAIL;Security group cloudguardian-web-sg (sg-0fdba0a657788f1d7) has SSH port 22 open to the Internet.;arn:aws:ec2:ap-south-1:735291151388:security-group/sg-0fdba0a657788f1d7;ec2_securitygroup_allow_ingress_from_internet_to_tcp_port_22;False;sg-0fdba0a657788f1d7;RBI-Cyber-Security-Framework;Reserve Bank of India (RBI) Cyber Security Framework;
aws;The Reserve Bank had prescribed a set of baseline cyber security controls for primary (Urban) cooperative banks (UCBs) in October 2018. On further examination, it has been decided to prescribe a comprehensive cyber security framework for the UCBs, as a graded approach, based on their digital depth and interconnectedness with the payment systems landscape, digital products offered by them and assessment of cyber security risk. The framework would mandate implementation of progressively stronger security measures based on the nature, variety and scale of digital product offerings of banks.;735291151388;ap-south-1;2026-07-11 14:19:13.485135;annex_i_5_1;The firewall configurations should be set to the highest security level and evaluation of critical device (such as firewall, network switches, security devices, etc.) configurations should be done periodically.;;;;aws;;PASS;Security group cloudguardian-rds-sg (sg-0be0be5f1a7d28519) does not have SSH port 22 open to the Internet.;arn:aws:ec2:ap-south-1:735291151388:security-group/sg-0be0be5f1a7d28519;ec2_securitygroup_allow_ingress_from_internet_to_tcp_port_22;False;sg-0be0be5f1a7d28519;RBI-Cyber-Security-Framework;Reserve Bank of India (RBI) Cyber Security Framework;
aws;The Reserve Bank had prescribed a set of baseline cyber security controls for primary (Urban) cooperative banks (UCBs) in October 2018. On further examination, it has been decided to prescribe a comprehensive cyber security framework for the UCBs, as a graded approach, based on their digital depth and interconnectedness with the payment systems landscape, digital products offered by them and assessment of cyber security risk. The framework would mandate implementation of progressively stronger security measures based on the nature, variety and scale of digital product offerings of banks.;735291151388;ap-south-1;2026-07-11 14:19:13.485135;annex_i_7_3;Remote Desktop Protocol (RDP) which allows others to access the computer remotely over a network or over the internet should be always disabled and should be enabled only with the approval of the authorised officer of the UCB. Logs for such remote access shall be enabled and monitored for suspicious activities.;;;;vpc;;PASS;Security group cloudguardian-rds-sg (sg-0be0be5f1a7d28519) does not have SSH port 22 open to the Internet.;arn:aws:ec2:ap-south-1:735291151388:security-group/sg-0be0be5f1a7d28519;ec2_securitygroup_allow_ingress_from_internet_to_tcp_port_22;False;sg-0be0be5f1a7d28519;RBI-Cyber-Security-Framework;Reserve Bank of India (RBI) Cyber Security Framework;
aws;The Reserve Bank had prescribed a set of baseline cyber security controls for primary (Urban) cooperative banks (UCBs) in October 2018. On further examination, it has been decided to prescribe a comprehensive cyber security framework for the UCBs, as a graded approach, based on their digital depth and interconnectedness with the payment systems landscape, digital products offered by them and assessment of cyber security risk. The framework would mandate implementation of progressively stronger security measures based on the nature, variety and scale of digital product offerings of banks.;735291151388;ap-south-1;2026-07-11 14:19:13.485135;annex_i_1_3;Appropriately manage and provide protection within and outside UCB/network, keeping in mind how the data/information is stored, transmitted, processed, accessed and put to use within/outside the UCB’s network, and level of risk they are exposed to depending on the sensitivity of the data/information.;;;;aws;;PASS;Security group cloudguardian-web-sg (sg-0fdba0a657788f1d7) does not have Microsoft RDP port 3389 open to the Internet.;arn:aws:ec2:ap-south-1:735291151388:security-group/sg-0fdba0a657788f1d7;ec2_securitygroup_allow_ingress_from_internet_to_tcp_port_3389;False;sg-0fdba0a657788f1d7;RBI-Cyber-Security-Framework;Reserve Bank of India (RBI) Cyber Security Framework;
aws;The Reserve Bank had prescribed a set of baseline cyber security controls for primary (Urban) cooperative banks (UCBs) in October 2018. On further examination, it has been decided to prescribe a comprehensive cyber security framework for the UCBs, as a graded approach, based on their digital depth and interconnectedness with the payment systems landscape, digital products offered by them and assessment of cyber security risk. The framework would mandate implementation of progressively stronger security measures based on the nature, variety and scale of digital product offerings of banks.;735291151388;ap-south-1;2026-07-11 14:19:13.485135;annex_i_1_3;Appropriately manage and provide protection within and outside UCB/network, keeping in mind how the data/information is stored, transmitted, processed, accessed and put to use within/outside the UCB’s network, and level of risk they are exposed to depending on the sensitivity of the data/information.;;;;aws;;PASS;Security group cloudguardian-rds-sg (sg-0be0be5f1a7d28519) does not have Microsoft RDP port 3389 open to the Internet.;arn:aws:ec2:ap-south-1:735291151388:security-group/sg-0be0be5f1a7d28519;ec2_securitygroup_allow_ingress_from_internet_to_tcp_port_3389;False;sg-0be0be5f1a7d28519;RBI-Cyber-Security-Framework;Reserve Bank of India (RBI) Cyber Security Framework;
aws;The Reserve Bank had prescribed a set of baseline cyber security controls for primary (Urban) cooperative banks (UCBs) in October 2018. On further examination, it has been decided to prescribe a comprehensive cyber security framework for the UCBs, as a graded approach, based on their digital depth and interconnectedness with the payment systems landscape, digital products offered by them and assessment of cyber security risk. The framework would mandate implementation of progressively stronger security measures based on the nature, variety and scale of digital product offerings of banks.;735291151388;ap-south-1;2026-07-11 14:19:13.485135;annex_i_1_3;Appropriately manage and provide protection within and outside UCB/network, keeping in mind how the data/information is stored, transmitted, processed, accessed and put to use within/outside the UCB’s network, and level of risk they are exposed to depending on the sensitivity of the data/information.;;;;aws;;PASS;Security group cloudguardian-web-sg (sg-0fdba0a657788f1d7) does not have FTP ports 20 and 21 open to the Internet.;arn:aws:ec2:ap-south-1:735291151388:security-group/sg-0fdba0a657788f1d7;ec2_securitygroup_allow_ingress_from_internet_to_tcp_port_ftp_20_21;False;sg-0fdba0a657788f1d7;RBI-Cyber-Security-Framework;Reserve Bank of India (RBI) Cyber Security Framework;
aws;The Reserve Bank had prescribed a set of baseline cyber security controls for primary (Urban) cooperative banks (UCBs) in October 2018. On further examination, it has been decided to prescribe a comprehensive cyber security framework for the UCBs, as a graded approach, based on their digital depth and interconnectedness with the payment systems landscape, digital products offered by them and assessment of cyber security risk. The framework would mandate implementation of progressively stronger security measures based on the nature, variety and scale of digital product offerings of banks.;735291151388;ap-south-1;2026-07-11 14:19:13.485135;annex_i_1_3;Appropriately manage and provide protection within and outside UCB/network, keeping in mind how the data/information is stored, transmitted, processed, accessed and put to use within/outside the UCB’s network, and level of risk they are exposed to depending on the sensitivity of the data/information.;;;;aws;;PASS;Security group cloudguardian-rds-sg (sg-0be0be5f1a7d28519) does not have FTP ports 20 and 21 open to the Internet.;arn:aws:ec2:ap-south-1:735291151388:security-group/sg-0be0be5f1a7d28519;ec2_securitygroup_allow_ingress_from_internet_to_tcp_port_ftp_20_21;False;sg-0be0be5f1a7d28519;RBI-Cyber-Security-Framework;Reserve Bank of India (RBI) Cyber Security Framework;
aws;The Reserve Bank had prescribed a set of baseline cyber security controls for primary (Urban) cooperative banks (UCBs) in October 2018. On further examination, it has been decided to prescribe a comprehensive cyber security framework for the UCBs, as a graded approach, based on their digital depth and interconnectedness with the payment systems landscape, digital products offered by them and assessment of cyber security risk. The framework would mandate implementation of progressively stronger security measures based on the nature, variety and scale of digital product offerings of banks.;735291151388;ap-south-1;2026-07-11 14:19:13.485135;annex_i_1_3;Appropriately manage and provide protection within and outside UCB/network, keeping in mind how the data/information is stored, transmitted, processed, accessed and put to use within/outside the UCB’s network, and level of risk they are exposed to depending on the sensitivity of the data/information.;;;;aws;;PASS;Security group cloudguardian-web-sg (sg-0fdba0a657788f1d7) does not have MySQL port 3306 open to the Internet.;arn:aws:ec2:ap-south-1:735291151388:security-group/sg-0fdba0a657788f1d7;ec2_securitygroup_allow_ingress_from_internet_to_tcp_port_mysql_3306;False;sg-0fdba0a657788f1d7;RBI-Cyber-Security-Framework;Reserve Bank of India (RBI) Cyber Security Framework;
aws;The Reserve Bank had prescribed a set of baseline cyber security controls for primary (Urban) cooperative banks (UCBs) in October 2018. On further examination, it has been decided to prescribe a comprehensive cyber security framework for the UCBs, as a graded approach, based on their digital depth and interconnectedness with the payment systems landscape, digital products offered by them and assessment of cyber security risk. The framework would mandate implementation of progressively stronger security measures based on the nature, variety and scale of digital product offerings of banks.;735291151388;ap-south-1;2026-07-11 14:19:13.485135;annex_i_1_3;Appropriately manage and provide protection within and outside UCB/network, keeping in mind how the data/information is stored, transmitted, processed, accessed and put to use within/outside the UCB’s network, and level of risk they are exposed to depending on the sensitivity of the data/information.;;;;aws;;FAIL;Security group cloudguardian-rds-sg (sg-0be0be5f1a7d28519) has MySQL port 3306 open to the Internet.;arn:aws:ec2:ap-south-1:735291151388:security-group/sg-0be0be5f1a7d28519;ec2_securitygroup_allow_ingress_from_internet_to_tcp_port_mysql_3306;False;sg-0be0be5f1a7d28519;RBI-Cyber-Security-Framework;Reserve Bank of India (RBI) Cyber Security Framework;
aws;The Reserve Bank had prescribed a set of baseline cyber security controls for primary (Urban) cooperative banks (UCBs) in October 2018. On further examination, it has been decided to prescribe a comprehensive cyber security framework for the UCBs, as a graded approach, based on their digital depth and interconnectedness with the payment systems landscape, digital products offered by them and assessment of cyber security risk. The framework would mandate implementation of progressively stronger security measures based on the nature, variety and scale of digital product offerings of banks.;735291151388;ap-south-1;2026-07-11 14:19:13.485135;annex_i_7_1;Disallow administrative rights on end-user workstations/PCs/laptops and provide access rights on a ‘need to know’ and ‘need to do’ basis.;;;;iam;;PASS;AWS policy AmazonRDSServiceRolePolicy is attached but does not allow '*:*' administrative privileges.;arn:aws:iam::aws:policy/aws-service-role/AmazonRDSServiceRolePolicy;iam_aws_attached_policy_no_administrative_privileges;False;AmazonRDSServiceRolePolicy;RBI-Cyber-Security-Framework;Reserve Bank of India (RBI) Cyber Security Framework;
aws;The Reserve Bank had prescribed a set of baseline cyber security controls for primary (Urban) cooperative banks (UCBs) in October 2018. On further examination, it has been decided to prescribe a comprehensive cyber security framework for the UCBs, as a graded approach, based on their digital depth and interconnectedness with the payment systems landscape, digital products offered by them and assessment of cyber security risk. The framework would mandate implementation of progressively stronger security measures based on the nature, variety and scale of digital product offerings of banks.;735291151388;ap-south-1;2026-07-11 14:19:13.485135;annex_i_7_1;Disallow administrative rights on end-user workstations/PCs/laptops and provide access rights on a ‘need to know’ and ‘need to do’ basis.;;;;iam;;PASS;AWS policy AWSTrustedAdvisorServiceRolePolicy is attached but does not allow '*:*' administrative privileges.;arn:aws:iam::aws:policy/aws-service-role/AWSTrustedAdvisorServiceRolePolicy;iam_aws_attached_policy_no_administrative_privileges;False;AWSTrustedAdvisorServiceRolePolicy;RBI-Cyber-Security-Framework;Reserve Bank of India (RBI) Cyber Security Framework;
aws;The Reserve Bank had prescribed a set of baseline cyber security controls for primary (Urban) cooperative banks (UCBs) in October 2018. On further examination, it has been decided to prescribe a comprehensive cyber security framework for the UCBs, as a graded approach, based on their digital depth and interconnectedness with the payment systems landscape, digital products offered by them and assessment of cyber security risk. The framework would mandate implementation of progressively stronger security measures based on the nature, variety and scale of digital product offerings of banks.;735291151388;ap-south-1;2026-07-11 14:19:13.485135;annex_i_7_1;Disallow administrative rights on end-user workstations/PCs/laptops and provide access rights on a ‘need to know’ and ‘need to do’ basis.;;;;iam;;FAIL;AWS policy AdministratorAccess is attached and allows '*:*' administrative privileges.;arn:aws:iam::aws:policy/AdministratorAccess;iam_aws_attached_policy_no_administrative_privileges;False;AdministratorAccess;RBI-Cyber-Security-Framework;Reserve Bank of India (RBI) Cyber Security Framework;
aws;The Reserve Bank had prescribed a set of baseline cyber security controls for primary (Urban) cooperative banks (UCBs) in October 2018. On further examination, it has been decided to prescribe a comprehensive cyber security framework for the UCBs, as a graded approach, based on their digital depth and interconnectedness with the payment systems landscape, digital products offered by them and assessment of cyber security risk. The framework would mandate implementation of progressively stronger security measures based on the nature, variety and scale of digital product offerings of banks.;735291151388;ap-south-1;2026-07-11 14:19:13.485135;annex_i_7_1;Disallow administrative rights on end-user workstations/PCs/laptops and provide access rights on a ‘need to know’ and ‘need to do’ basis.;;;;iam;;PASS;AWS policy AWSSupportServiceRolePolicy is attached but does not allow '*:*' administrative privileges.;arn:aws:iam::aws:policy/aws-service-role/AWSSupportServiceRolePolicy;iam_aws_attached_policy_no_administrative_privileges;False;AWSSupportServiceRolePolicy;RBI-Cyber-Security-Framework;Reserve Bank of India (RBI) Cyber Security Framework;
aws;The Reserve Bank had prescribed a set of baseline cyber security controls for primary (Urban) cooperative banks (UCBs) in October 2018. On further examination, it has been decided to prescribe a comprehensive cyber security framework for the UCBs, as a graded approach, based on their digital depth and interconnectedness with the payment systems landscape, digital products offered by them and assessment of cyber security risk. The framework would mandate implementation of progressively stronger security measures based on the nature, variety and scale of digital product offerings of banks.;735291151388;ap-south-1;2026-07-11 14:19:13.485135;annex_i_7_1;Disallow administrative rights on end-user workstations/PCs/laptops and provide access rights on a ‘need to know’ and ‘need to do’ basis.;;;;iam;;PASS;AWS policy AWSResourceExplorerServiceRolePolicy is attached but does not allow '*:*' administrative privileges.;arn:aws:iam::aws:policy/aws-service-role/AWSResourceExplorerServiceRolePolicy;iam_aws_attached_policy_no_administrative_privileges;False;AWSResourceExplorerServiceRolePolicy;RBI-Cyber-Security-Framework;Reserve Bank of India (RBI) Cyber Security Framework;
aws;The Reserve Bank had prescribed a set of baseline cyber security controls for primary (Urban) cooperative banks (UCBs) in October 2018. On further examination, it has been decided to prescribe a comprehensive cyber security framework for the UCBs, as a graded approach, based on their digital depth and interconnectedness with the payment systems landscape, digital products offered by them and assessment of cyber security risk. The framework would mandate implementation of progressively stronger security measures based on the nature, variety and scale of digital product offerings of banks.;735291151388;ap-south-1;2026-07-11 14:19:13.485135;annex_i_7_1;Disallow administrative rights on end-user workstations/PCs/laptops and provide access rights on a ‘need to know’ and ‘need to do’ basis.;;;;iam;;FAIL;Inline policy cloudguardian-s3-read-only attached to role cloudguardian-web-role allows '*:*' administrative privileges.;arn:aws:iam::735291151388:role/cloudguardian-web-role;iam_inline_policy_no_administrative_privileges;False;cloudguardian-web-role/cloudguardian-s3-read-only;RBI-Cyber-Security-Framework;Reserve Bank of India (RBI) Cyber Security Framework;
aws;The Reserve Bank had prescribed a set of baseline cyber security controls for primary (Urban) cooperative banks (UCBs) in October 2018. On further examination, it has been decided to prescribe a comprehensive cyber security framework for the UCBs, as a graded approach, based on their digital depth and interconnectedness with the payment systems landscape, digital products offered by them and assessment of cyber security risk. The framework would mandate implementation of progressively stronger security measures based on the nature, variety and scale of digital product offerings of banks.;735291151388;ap-south-1;2026-07-11 14:19:13.485135;annex_i_7_1;Disallow administrative rights on end-user workstations/PCs/laptops and provide access rights on a ‘need to know’ and ‘need to do’ basis.;;;;iam;;PASS;Root account does not have access keys.;arn:aws:iam::735291151388:root;iam_no_root_access_key;False;<root_account>;RBI-Cyber-Security-Framework;Reserve Bank of India (RBI) Cyber Security Framework;
aws;The Reserve Bank had prescribed a set of baseline cyber security controls for primary (Urban) cooperative banks (UCBs) in October 2018. On further examination, it has been decided to prescribe a comprehensive cyber security framework for the UCBs, as a graded approach, based on their digital depth and interconnectedness with the payment systems landscape, digital products offered by them and assessment of cyber security risk. The framework would mandate implementation of progressively stronger security measures based on the nature, variety and scale of digital product offerings of banks.;735291151388;ap-south-1;2026-07-11 14:19:13.485135;annex_i_7_2;Passwords should be set as complex and lengthy and users should not use same passwords for all the applications/systems/devices.;;;;iam;;FAIL;IAM password policy reuse prevention is less than 24 or not set.;arn:aws:iam:ap-south-1:735291151388:password-policy;iam_password_policy_reuse_24;False;735291151388;RBI-Cyber-Security-Framework;Reserve Bank of India (RBI) Cyber Security Framework;
aws;The Reserve Bank had prescribed a set of baseline cyber security controls for primary (Urban) cooperative banks (UCBs) in October 2018. On further examination, it has been decided to prescribe a comprehensive cyber security framework for the UCBs, as a graded approach, based on their digital depth and interconnectedness with the payment systems landscape, digital products offered by them and assessment of cyber security risk. The framework would mandate implementation of progressively stronger security measures based on the nature, variety and scale of digital product offerings of banks.;735291151388;ap-south-1;2026-07-11 14:19:13.485135;annex_i_7_1;Disallow administrative rights on end-user workstations/PCs/laptops and provide access rights on a ‘need to know’ and ‘need to do’ basis.;;;;iam;;PASS;User Alex has no inline or attached policies.;arn:aws:iam::735291151388:user/Alex;iam_policy_attached_only_to_group_or_roles;False;Alex;RBI-Cyber-Security-Framework;Reserve Bank of India (RBI) Cyber Security Framework;
aws;The Reserve Bank had prescribed a set of baseline cyber security controls for primary (Urban) cooperative banks (UCBs) in October 2018. On further examination, it has been decided to prescribe a comprehensive cyber security framework for the UCBs, as a graded approach, based on their digital depth and interconnectedness with the payment systems landscape, digital products offered by them and assessment of cyber security risk. The framework would mandate implementation of progressively stronger security measures based on the nature, variety and scale of digital product offerings of banks.;735291151388;ap-south-1;2026-07-11 14:19:13.485135;annex_i_1_1;UCBs should maintain an up-to-date business IT Asset Inventory Register containing the following fields, as a minimum: a) Details of the IT Asset (viz., hardware/software/network devices, key personnel, services, etc.), b. Details of systems where customer data are stored, c. Associated business applications, if any, d. Criticality of the IT asset (For example, High/Medium/Low).;;;;aws;;FAIL;AWS Organizations is not in-use for this AWS Account.;arn:aws:organizations::735291151388:unknown;organizations_account_part_of_organizations;False;unknown;RBI-Cyber-Security-Framework;Reserve Bank of India (RBI) Cyber Security Framework;
aws;The Reserve Bank had prescribed a set of baseline cyber security controls for primary (Urban) cooperative banks (UCBs) in October 2018. On further examination, it has been decided to prescribe a comprehensive cyber security framework for the UCBs, as a graded approach, based on their digital depth and interconnectedness with the payment systems landscape, digital products offered by them and assessment of cyber security risk. The framework would mandate implementation of progressively stronger security measures based on the nature, variety and scale of digital product offerings of banks.;735291151388;ap-south-1;2026-07-11 14:19:13.485135;annex_i_12;Take periodic back up of the important data and store this data ‘off line’ (i.e., transferring important files to a storage device that can be detached from a computer/system after copying all the files).;;;;aws;;FAIL;RDS Instance cloudguardian-db does not have backup enabled.;arn:aws:rds:ap-south-1:735291151388:db:cloudguardian-db;rds_instance_backup_enabled;False;cloudguardian-db;RBI-Cyber-Security-Framework;Reserve Bank of India (RBI) Cyber Security Framework;
aws;The Reserve Bank had prescribed a set of baseline cyber security controls for primary (Urban) cooperative banks (UCBs) in October 2018. On further examination, it has been decided to prescribe a comprehensive cyber security framework for the UCBs, as a graded approach, based on their digital depth and interconnectedness with the payment systems landscape, digital products offered by them and assessment of cyber security risk. The framework would mandate implementation of progressively stronger security measures based on the nature, variety and scale of digital product offerings of banks.;735291151388;ap-south-1;2026-07-11 14:19:13.485135;annex_i_7_4;Implement appropriate (e.g. centralised) systems and controls to allow, manage, log and monitor privileged/super user/administrative access to critical systems (servers/databases, applications, network devices etc.);;;;aws;;FAIL;RDS Instance cloudguardian-db does not have CloudWatch Logs enabled.;arn:aws:rds:ap-south-1:735291151388:db:cloudguardian-db;rds_instance_integration_cloudwatch_logs;False;cloudguardian-db;RBI-Cyber-Security-Framework;Reserve Bank of India (RBI) Cyber Security Framework;
aws;The Reserve Bank had prescribed a set of baseline cyber security controls for primary (Urban) cooperative banks (UCBs) in October 2018. On further examination, it has been decided to prescribe a comprehensive cyber security framework for the UCBs, as a graded approach, based on their digital depth and interconnectedness with the payment systems landscape, digital products offered by them and assessment of cyber security risk. The framework would mandate implementation of progressively stronger security measures based on the nature, variety and scale of digital product offerings of banks.;735291151388;ap-south-1;2026-07-11 14:19:13.485135;annex_i_6;Put in place systems and processes to identify, track, manage and monitor the status of patches to servers, operating system and application software running at the systems used by the UCB officials (end-users). Implement and update antivirus protection for all servers and applicable end points preferably through a centralised system.;;;;aws;;PASS;RDS Instance cloudguardian-db has minor version upgrade enabled.;arn:aws:rds:ap-south-1:735291151388:db:cloudguardian-db;rds_instance_minor_version_upgrade_enabled;False;cloudguardian-db;RBI-Cyber-Security-Framework;Reserve Bank of India (RBI) Cyber Security Framework;
aws;The Reserve Bank had prescribed a set of baseline cyber security controls for primary (Urban) cooperative banks (UCBs) in October 2018. On further examination, it has been decided to prescribe a comprehensive cyber security framework for the UCBs, as a graded approach, based on their digital depth and interconnectedness with the payment systems landscape, digital products offered by them and assessment of cyber security risk. The framework would mandate implementation of progressively stronger security measures based on the nature, variety and scale of digital product offerings of banks.;735291151388;ap-south-1;2026-07-11 14:19:13.485135;annex_i_1_3;Appropriately manage and provide protection within and outside UCB/network, keeping in mind how the data/information is stored, transmitted, processed, accessed and put to use within/outside the UCB’s network, and level of risk they are exposed to depending on the sensitivity of the data/information.;;;;aws;;FAIL;RDS Instance cloudguardian-db is set as publicly accessible and security group cloudguardian-rds-sg (sg-0be0be5f1a7d28519) has mysql port 3306 open to the Internet at endpoint cloudguardian-db.cxuyey2k27jg.ap-south-1.rds.amazonaws.com in a public subnet subnet-06415df4407c53071.;arn:aws:rds:ap-south-1:735291151388:db:cloudguardian-db;rds_instance_no_public_access;False;cloudguardian-db;RBI-Cyber-Security-Framework;Reserve Bank of India (RBI) Cyber Security Framework;
aws;The Reserve Bank had prescribed a set of baseline cyber security controls for primary (Urban) cooperative banks (UCBs) in October 2018. On further examination, it has been decided to prescribe a comprehensive cyber security framework for the UCBs, as a graded approach, based on their digital depth and interconnectedness with the payment systems landscape, digital products offered by them and assessment of cyber security risk. The framework would mandate implementation of progressively stronger security measures based on the nature, variety and scale of digital product offerings of banks.;735291151388;ap-south-1;2026-07-11 14:19:13.485135;annex_i_1_3;Appropriately manage and provide protection within and outside UCB/network, keeping in mind how the data/information is stored, transmitted, processed, accessed and put to use within/outside the UCB’s network, and level of risk they are exposed to depending on the sensitivity of the data/information.;;;;aws;;FAIL;RDS Instance cloudguardian-db is not encrypted.;arn:aws:rds:ap-south-1:735291151388:db:cloudguardian-db;rds_instance_storage_encrypted;False;cloudguardian-db;RBI-Cyber-Security-Framework;Reserve Bank of India (RBI) Cyber Security Framework;
aws;The Reserve Bank had prescribed a set of baseline cyber security controls for primary (Urban) cooperative banks (UCBs) in October 2018. On further examination, it has been decided to prescribe a comprehensive cyber security framework for the UCBs, as a graded approach, based on their digital depth and interconnectedness with the payment systems landscape, digital products offered by them and assessment of cyber security risk. The framework would mandate implementation of progressively stronger security measures based on the nature, variety and scale of digital product offerings of banks.;735291151388;ap-south-1;2026-07-11 14:19:13.485135;annex_i_1_3;Appropriately manage and provide protection within and outside UCB/network, keeping in mind how the data/information is stored, transmitted, processed, accessed and put to use within/outside the UCB’s network, and level of risk they are exposed to depending on the sensitivity of the data/information.;;;;aws;;FAIL;Block Public Access is not configured for the account 735291151388.;arn:aws:s3:ap-south-1:735291151388:account;s3_account_level_public_access_blocks;False;735291151388;RBI-Cyber-Security-Framework;Reserve Bank of India (RBI) Cyber Security Framework;
aws;The Reserve Bank had prescribed a set of baseline cyber security controls for primary (Urban) cooperative banks (UCBs) in October 2018. On further examination, it has been decided to prescribe a comprehensive cyber security framework for the UCBs, as a graded approach, based on their digital depth and interconnectedness with the payment systems landscape, digital products offered by them and assessment of cyber security risk. The framework would mandate implementation of progressively stronger security measures based on the nature, variety and scale of digital product offerings of banks.;735291151388;ap-south-1;2026-07-11 14:19:13.485135;annex_i_1_3;Appropriately manage and provide protection within and outside UCB/network, keeping in mind how the data/information is stored, transmitted, processed, accessed and put to use within/outside the UCB’s network, and level of risk they are exposed to depending on the sensitivity of the data/information.;;;;aws;;PASS;S3 Bucket cloudguardian-data-c8f4e2a3 has Server Side Encryption with AES256.;arn:aws:s3:::cloudguardian-data-c8f4e2a3;s3_bucket_default_encryption;False;cloudguardian-data-c8f4e2a3;RBI-Cyber-Security-Framework;Reserve Bank of India (RBI) Cyber Security Framework;
aws;The Reserve Bank had prescribed a set of baseline cyber security controls for primary (Urban) cooperative banks (UCBs) in October 2018. On further examination, it has been decided to prescribe a comprehensive cyber security framework for the UCBs, as a graded approach, based on their digital depth and interconnectedness with the payment systems landscape, digital products offered by them and assessment of cyber security risk. The framework would mandate implementation of progressively stronger security measures based on the nature, variety and scale of digital product offerings of banks.;735291151388;ap-south-1;2026-07-11 14:19:13.485135;annex_i_12;Take periodic back up of the important data and store this data ‘off line’ (i.e., transferring important files to a storage device that can be detached from a computer/system after copying all the files).;;;;aws;;FAIL;S3 Bucket cloudguardian-data-c8f4e2a3 has versioning disabled.;arn:aws:s3:::cloudguardian-data-c8f4e2a3;s3_bucket_object_versioning;False;cloudguardian-data-c8f4e2a3;RBI-Cyber-Security-Framework;Reserve Bank of India (RBI) Cyber Security Framework;
aws;The Reserve Bank had prescribed a set of baseline cyber security controls for primary (Urban) cooperative banks (UCBs) in October 2018. On further examination, it has been decided to prescribe a comprehensive cyber security framework for the UCBs, as a graded approach, based on their digital depth and interconnectedness with the payment systems landscape, digital products offered by them and assessment of cyber security risk. The framework would mandate implementation of progressively stronger security measures based on the nature, variety and scale of digital product offerings of banks.;735291151388;ap-south-1;2026-07-11 14:19:13.485135;annex_i_1_3;Appropriately manage and provide protection within and outside UCB/network, keeping in mind how the data/information is stored, transmitted, processed, accessed and put to use within/outside the UCB’s network, and level of risk they are exposed to depending on the sensitivity of the data/information.;;;;aws;;PASS;S3 Bucket cloudguardian-data-c8f4e2a3 does not allow public write access in the bucket policy.;arn:aws:s3:::cloudguardian-data-c8f4e2a3;s3_bucket_policy_public_write_access;False;cloudguardian-data-c8f4e2a3;RBI-Cyber-Security-Framework;Reserve Bank of India (RBI) Cyber Security Framework;
aws;The Reserve Bank had prescribed a set of baseline cyber security controls for primary (Urban) cooperative banks (UCBs) in October 2018. On further examination, it has been decided to prescribe a comprehensive cyber security framework for the UCBs, as a graded approach, based on their digital depth and interconnectedness with the payment systems landscape, digital products offered by them and assessment of cyber security risk. The framework would mandate implementation of progressively stronger security measures based on the nature, variety and scale of digital product offerings of banks.;735291151388;ap-south-1;2026-07-11 14:19:13.485135;annex_i_1_3;Appropriately manage and provide protection within and outside UCB/network, keeping in mind how the data/information is stored, transmitted, processed, accessed and put to use within/outside the UCB’s network, and level of risk they are exposed to depending on the sensitivity of the data/information.;;;;aws;;PASS;S3 Bucket cloudguardian-data-c8f4e2a3 is not public.;arn:aws:s3:::cloudguardian-data-c8f4e2a3;s3_bucket_public_access;False;cloudguardian-data-c8f4e2a3;RBI-Cyber-Security-Framework;Reserve Bank of India (RBI) Cyber Security Framework;
aws;The Reserve Bank had prescribed a set of baseline cyber security controls for primary (Urban) cooperative banks (UCBs) in October 2018. On further examination, it has been decided to prescribe a comprehensive cyber security framework for the UCBs, as a graded approach, based on their digital depth and interconnectedness with the payment systems landscape, digital products offered by them and assessment of cyber security risk. The framework would mandate implementation of progressively stronger security measures based on the nature, variety and scale of digital product offerings of banks.;735291151388;ap-south-1;2026-07-11 14:19:13.485135;annex_i_1_3;Appropriately manage and provide protection within and outside UCB/network, keeping in mind how the data/information is stored, transmitted, processed, accessed and put to use within/outside the UCB’s network, and level of risk they are exposed to depending on the sensitivity of the data/information.;;;;aws;;FAIL;S3 Bucket cloudguardian-data-c8f4e2a3 allows requests over insecure transport in the bucket policy.;arn:aws:s3:::cloudguardian-data-c8f4e2a3;s3_bucket_secure_transport_policy;False;cloudguardian-data-c8f4e2a3;RBI-Cyber-Security-Framework;Reserve Bank of India (RBI) Cyber Security Framework;
aws;The Reserve Bank had prescribed a set of baseline cyber security controls for primary (Urban) cooperative banks (UCBs) in October 2018. On further examination, it has been decided to prescribe a comprehensive cyber security framework for the UCBs, as a graded approach, based on their digital depth and interconnectedness with the payment systems landscape, digital products offered by them and assessment of cyber security risk. The framework would mandate implementation of progressively stronger security measures based on the nature, variety and scale of digital product offerings of banks.;735291151388;ap-south-1;2026-07-11 14:19:13.485135;annex_i_7_4;Implement appropriate (e.g. centralised) systems and controls to allow, manage, log and monitor privileged/super user/administrative access to critical systems (servers/databases, applications, network devices etc.);;;;aws;;FAIL;S3 Bucket cloudguardian-data-c8f4e2a3 has server access logging disabled.;arn:aws:s3:::cloudguardian-data-c8f4e2a3;s3_bucket_server_access_logging_enabled;False;cloudguardian-data-c8f4e2a3;RBI-Cyber-Security-Framework;Reserve Bank of India (RBI) Cyber Security Framework;
aws;The Reserve Bank had prescribed a set of baseline cyber security controls for primary (Urban) cooperative banks (UCBs) in October 2018. On further examination, it has been decided to prescribe a comprehensive cyber security framework for the UCBs, as a graded approach, based on their digital depth and interconnectedness with the payment systems landscape, digital products offered by them and assessment of cyber security risk. The framework would mandate implementation of progressively stronger security measures based on the nature, variety and scale of digital product offerings of banks.;735291151388;ap-south-1;2026-07-11 14:19:13.485135;annex_i_7_4;Implement appropriate (e.g. centralised) systems and controls to allow, manage, log and monitor privileged/super user/administrative access to critical systems (servers/databases, applications, network devices etc.);;;;aws;;FAIL;VPC cloudguardian-vpc Flow logs are disabled.;arn:aws:ec2:ap-south-1:735291151388:vpc/vpc-056acc9b951114346;vpc_flow_logs_enabled;False;vpc-056acc9b951114346;RBI-Cyber-Security-Framework;Reserve Bank of India (RBI) Cyber Security Framework;
aws;The Reserve Bank had prescribed a set of baseline cyber security controls for primary (Urban) cooperative banks (UCBs) in October 2018. On further examination, it has been decided to prescribe a comprehensive cyber security framework for the UCBs, as a graded approach, based on their digital depth and interconnectedness with the payment systems landscape, digital products offered by them and assessment of cyber security risk. The framework would mandate implementation of progressively stronger security measures based on the nature, variety and scale of digital product offerings of banks.;735291151388;ap-south-1;2026-07-11 14:19:13.485135;annex_i_1_3;Appropriately manage and provide protection within and outside UCB/network, keeping in mind how the data/information is stored, transmitted, processed, accessed and put to use within/outside the UCB’s network, and level of risk they are exposed to depending on the sensitivity of the data/information.;;;;aws;;FAIL;VPC subnet cloudguardian-public assigns public IP by default.;arn:aws:ec2:ap-south-1:735291151388:subnet/subnet-014929246c544396c;vpc_subnet_no_public_ip_by_default;False;subnet-014929246c544396c;RBI-Cyber-Security-Framework;Reserve Bank of India (RBI) Cyber Security Framework;
