PROVIDER;DESCRIPTION;SUBSCRIPTIONID;LOCATION;ASSESSMENTDATE;REQUIREMENTS_ID;REQUIREMENTS_DESCRIPTION;REQUIREMENTS_ATTRIBUTES_IDGRUPOCONTROL;REQUIREMENTS_ATTRIBUTES_MARCO;REQUIREMENTS_ATTRIBUTES_CATEGORIA;REQUIREMENTS_ATTRIBUTES_DESCRIPCIONCONTROL;REQUIREMENTS_ATTRIBUTES_NIVEL;REQUIREMENTS_ATTRIBUTES_TIPO;REQUIREMENTS_ATTRIBUTES_DIMENSIONES;REQUIREMENTS_ATTRIBUTES_MODOEJECUCION;REQUIREMENTS_ATTRIBUTES_DEPENDENCIAS;STATUS;STATUSEXTENDED;RESOURCEID;CHECKID;MUTED;RESOURCENAME;FRAMEWORK;NAME
azure;The accreditation scheme of the ENS (National Security Scheme) has been developed by the Ministry of Finance and Public Administrations and the CCN (National Cryptological Center). This includes the basic principles and minimum requirements necessary for the adequate protection of information.;Azure subscription 1;global;2026-06-30 20:17:09.719034;mp.s.4.r1.az.nt.2;Detección y reacción;mp.s.4.r1;medidas de protección;protección de los servicios;Habilitar la supervisión del rendimiento de aplicaciones para los servicios en la nube;alto;requisito;disponibilidad;automático;;FAIL;There are no AppInsight configured in subscription Azure subscription 1 (524e42fc-65bd-4b6c-b65d-da2abce9b1d9).;/subscriptions/524e42fc-65bd-4b6c-b65d-da2abce9b1d9;appinsights_ensure_is_configured;False;524e42fc-65bd-4b6c-b65d-da2abce9b1d9;ENS;ENS RD 311/2022 - Categoría Alta
azure;The accreditation scheme of the ENS (National Security Scheme) has been developed by the Ministry of Finance and Public Administrations and the CCN (National Cryptological Center). This includes the basic principles and minimum requirements necessary for the adequate protection of information.;Azure subscription 1;global;2026-06-30 20:17:09.719034;mp.s.4.r1.az.nt.3;Detección y reacción;mp.s.4.r1;medidas de protección;protección de los servicios;Habilitar defender para los servicios de aplicaciones en la nube;alto;requisito;disponibilidad;automático;;FAIL;No IoT Security Solutions found in the subscription Azure subscription 1 (524e42fc-65bd-4b6c-b65d-da2abce9b1d9).;/subscriptions/524e42fc-65bd-4b6c-b65d-da2abce9b1d9;defender_ensure_iot_hub_defender_is_on;False;524e42fc-65bd-4b6c-b65d-da2abce9b1d9;ENS;ENS RD 311/2022 - Categoría Alta
azure;The accreditation scheme of the ENS (National Security Scheme) has been developed by the Ministry of Finance and Public Administrations and the CCN (National Cryptological Center). This includes the basic principles and minimum requirements necessary for the adequate protection of information.;Azure subscription 1;global;2026-06-30 20:17:09.719034;mp.s.4.r1.az.nt.3;Detección y reacción;mp.s.4.r1;medidas de protección;protección de los servicios;Habilitar defender para los servicios de aplicaciones en la nube;alto;requisito;disponibilidad;automático;;FAIL;Microsoft Defender for Cloud Apps not exists for subscription Azure subscription 1 (524e42fc-65bd-4b6c-b65d-da2abce9b1d9).;/subscriptions/524e42fc-65bd-4b6c-b65d-da2abce9b1d9;defender_ensure_mcas_is_enabled;False;524e42fc-65bd-4b6c-b65d-da2abce9b1d9;ENS;ENS RD 311/2022 - Categoría Alta
azure;The accreditation scheme of the ENS (National Security Scheme) has been developed by the Ministry of Finance and Public Administrations and the CCN (National Cryptological Center). This includes the basic principles and minimum requirements necessary for the adequate protection of information.;Azure subscription 1;global;2026-06-30 20:17:09.719034;op.mon.3.r3.az.de.2;Ciberamenazas avanzadas;op.mon.3.r3 ;operacional;monitorización del sistema;Habilitar la protección de amenazas avanzadas para la detección de ciberamenazas en la nube.;alto;refuerzo;confidencialidad,integridad,trazabilidad,autenticidad,disponibilidad;automático;;FAIL;Microsoft Defender for Endpoint integration not exists for subscription Azure subscription 1 (524e42fc-65bd-4b6c-b65d-da2abce9b1d9).;/subscriptions/524e42fc-65bd-4b6c-b65d-da2abce9b1d9;defender_ensure_wdatp_is_enabled;False;524e42fc-65bd-4b6c-b65d-da2abce9b1d9;ENS;ENS RD 311/2022 - Categoría Alta
azure;The accreditation scheme of the ENS (National Security Scheme) has been developed by the Ministry of Finance and Public Administrations and the CCN (National Cryptological Center). This includes the basic principles and minimum requirements necessary for the adequate protection of information.;Tenant: kedarapavaskargmail.onmicrosoft.com;global;2026-06-30 20:17:09.719034;op.acc.5.r4.az.eid.1;Certificados en dispositivo físico;op.acc.5.r4;operacional;control de acceso;Habilitación de autenticación MFA para usuarios externos;alto;refuerzo;confidencialidad,integridad,trazabilidad,autenticidad;automático;;FAIL;Conditional Access Policy does not require MFA for management API.;Conditional Access Policy;entra_conditional_access_policy_require_mfa_for_management_api;False;Conditional Access Policy;ENS;ENS RD 311/2022 - Categoría Alta
azure;The accreditation scheme of the ENS (National Security Scheme) has been developed by the Ministry of Finance and Public Administrations and the CCN (National Cryptological Center). This includes the basic principles and minimum requirements necessary for the adequate protection of information.;Tenant: kedarapavaskargmail.onmicrosoft.com;global;2026-06-30 20:17:09.719034;op.acc.6.az.eid.1;Mecanismo de autenticación (usuarios de la organización);op.acc.6;operacional;control de acceso;El acceso del usuario será gestionado desde Microsoft Entra;alto;requisito;confidencialidad,integridad,trazabilidad,autenticidad;automático;;FAIL;Conditional Access Policy does not require MFA for management API.;Conditional Access Policy;entra_conditional_access_policy_require_mfa_for_management_api;False;Conditional Access Policy;ENS;ENS RD 311/2022 - Categoría Alta
azure;The accreditation scheme of the ENS (National Security Scheme) has been developed by the Ministry of Finance and Public Administrations and the CCN (National Cryptological Center). This includes the basic principles and minimum requirements necessary for the adequate protection of information.;Tenant: kedarapavaskargmail.onmicrosoft.com;global;2026-06-30 20:17:09.719034;op.acc.6.r4.az.mfa.1;Certificados en dispositivo físico;op.acc.6.r4;operacional;control de acceso;Habilitación de autenticación MFA para usuarios de la organización;alto;refuerzo;confidencialidad,integridad,trazabilidad,autenticidad;automático;;FAIL;Conditional Access Policy does not require MFA for management API.;Conditional Access Policy;entra_conditional_access_policy_require_mfa_for_management_api;False;Conditional Access Policy;ENS;ENS RD 311/2022 - Categoría Alta
azure;The accreditation scheme of the ENS (National Security Scheme) has been developed by the Ministry of Finance and Public Administrations and the CCN (National Cryptological Center). This includes the basic principles and minimum requirements necessary for the adequate protection of information.;Tenant: kedarapavaskargmail.onmicrosoft.com;global;2026-06-30 20:17:09.719034;op.acc.1.az.r1.eid.1;Identificacion Avanzada;op.acc.1.r1;operacional;control de acceso;La asignación del usuario deberá realizarse de manera única, singularizando a la persona asociada a cada identificador en Microsoft Entra;alto;refuerzo;trazabilidad,autenticidad;automático;;PASS;There are 0 global administrators.;23c60b23-1ed6-4679-b7d7-5d0665d990e9;entra_global_admin_in_less_than_five_users;False;Global Administrator;ENS;ENS RD 311/2022 - Categoría Alta
azure;The accreditation scheme of the ENS (National Security Scheme) has been developed by the Ministry of Finance and Public Administrations and the CCN (National Cryptological Center). This includes the basic principles and minimum requirements necessary for the adequate protection of information.;Tenant: kedarapavaskargmail.onmicrosoft.com;global;2026-06-30 20:17:09.719034;op.acc.2.az.rbac.1;Requisitos de acceso;op.acc.2;operacional;control de acceso;Se debe aplicar la restricción de acceso al portal de Azure y la habilitación de Microsoft Entra Protection para minimizar los riesgos de inicio de sesión y comportamientos inusuales.;alto;requisito;confidencialidad,integridad,trazabilidad,autenticidad;automático;;FAIL;Non-privileged users are able to create security groups via the Access Panel and the Azure administration portal.;authorizationPolicy;entra_policy_default_users_cannot_create_security_groups;False;Authorization Policy;ENS;ENS RD 311/2022 - Categoría Alta
azure;The accreditation scheme of the ENS (National Security Scheme) has been developed by the Ministry of Finance and Public Administrations and the CCN (National Cryptological Center). This includes the basic principles and minimum requirements necessary for the adequate protection of information.;Tenant: kedarapavaskargmail.onmicrosoft.com;global;2026-06-30 20:17:09.719034;op.acc.2.az.rbac.1;Requisitos de acceso;op.acc.2;operacional;control de acceso;Se debe aplicar la restricción de acceso al portal de Azure y la habilitación de Microsoft Entra Protection para minimizar los riesgos de inicio de sesión y comportamientos inusuales.;alto;requisito;confidencialidad,integridad,trazabilidad,autenticidad;automático;;FAIL;Tenants creation is not disabled for non-admin users.;authorizationPolicy;entra_policy_ensure_default_user_cannot_create_tenants;False;Authorization Policy;ENS;ENS RD 311/2022 - Categoría Alta
azure;The accreditation scheme of the ENS (National Security Scheme) has been developed by the Ministry of Finance and Public Administrations and the CCN (National Cryptological Center). This includes the basic principles and minimum requirements necessary for the adequate protection of information.;Tenant: kedarapavaskargmail.onmicrosoft.com;global;2026-06-30 20:17:09.719034;opc.acc.5.az.eid.1;Mecanismo de autenticación (usuarios externos);op.acc.5;operacional;control de acceso;El usuario externo deberá contar con un usuario de la organización creado y gestionado para sus actividades de colaboración durante el período de tiempo definido en el contrato, de igual manera que el mecanismo de autenticación (usuarios de la organización) y será gestionado en la organización con Microsoft Entra.;alto;requisito;confidencialidad,integridad,trazabilidad,autenticidad;automático;;FAIL;Guest invitations are not restricted to users with specific administrative roles only.;authorizationPolicy;entra_policy_guest_invite_only_for_admin_roles;False;Authorization Policy;ENS;ENS RD 311/2022 - Categoría Alta
azure;The accreditation scheme of the ENS (National Security Scheme) has been developed by the Ministry of Finance and Public Administrations and the CCN (National Cryptological Center). This includes the basic principles and minimum requirements necessary for the adequate protection of information.;Tenant: kedarapavaskargmail.onmicrosoft.com;global;2026-06-30 20:17:09.719034;opc.acc.5.az.eid.1;Mecanismo de autenticación (usuarios externos);op.acc.5;operacional;control de acceso;El usuario externo deberá contar con un usuario de la organización creado y gestionado para sus actividades de colaboración durante el período de tiempo definido en el contrato, de igual manera que el mecanismo de autenticación (usuarios de la organización) y será gestionado en la organización con Microsoft Entra.;alto;requisito;confidencialidad,integridad,trazabilidad,autenticidad;automático;;FAIL;Guest user access is not restricted to properties and memberships of their own directory objects;authorizationPolicy;entra_policy_guest_users_access_restrictions;False;Authorization Policy;ENS;ENS RD 311/2022 - Categoría Alta
azure;The accreditation scheme of the ENS (National Security Scheme) has been developed by the Ministry of Finance and Public Administrations and the CCN (National Cryptological Center). This includes the basic principles and minimum requirements necessary for the adequate protection of information.;Tenant: kedarapavaskargmail.onmicrosoft.com;global;2026-06-30 20:17:09.719034;op.acc.2.az.r1.eid.1;Privilegios de acceso;op.acc.2.r1;operacional;control de acceso;Requisito de la configuración a través de la aplicación de roles RBAC;alto;refuerzo;confidencialidad,integridad,trazabilidad,autenticidad;automático;;FAIL;Entra allows users to consent apps accessing company data on their behalf;authorizationPolicy;entra_policy_restricts_user_consent_for_apps;False;Authorization Policy;ENS;ENS RD 311/2022 - Categoría Alta
azure;The accreditation scheme of the ENS (National Security Scheme) has been developed by the Ministry of Finance and Public Administrations and the CCN (National Cryptological Center). This includes the basic principles and minimum requirements necessary for the adequate protection of information.;Tenant: kedarapavaskargmail.onmicrosoft.com;global;2026-06-30 20:17:09.719034;op.acc.2.az.r1.eid.1;Privilegios de acceso;op.acc.2.r1;operacional;control de acceso;Requisito de la configuración a través de la aplicación de roles RBAC;alto;refuerzo;confidencialidad,integridad,trazabilidad,autenticidad;automático;;PASS;Entra does not allow users to consent non-verified apps accessing company data on their behalf.;authorizationPolicy;entra_policy_user_consent_for_verified_apps;False;Authorization Policy;ENS;ENS RD 311/2022 - Categoría Alta
azure;The accreditation scheme of the ENS (National Security Scheme) has been developed by the Ministry of Finance and Public Administrations and the CCN (National Cryptological Center). This includes the basic principles and minimum requirements necessary for the adequate protection of information.;Tenant: kedarapavaskargmail.onmicrosoft.com;global;2026-06-30 20:17:09.719034;op.exp.8.az.md.1;Registro de la actividad;op.exp.8;operacional;explotación;Se habilitará el monitor de diagnóstico para cada categoría usada dentro de la subscripción.;alto;requisito;trazabilidad;automático;;FAIL;There is no trusted location with IP ranges defined.;010fdff4-2484-41a0-be8b-fccd3e3af6da;entra_trusted_named_locations_exists;False;kedarapavaskargmail.onmicrosoft.com;ENS;ENS RD 311/2022 - Categoría Alta
azure;The accreditation scheme of the ENS (National Security Scheme) has been developed by the Ministry of Finance and Public Administrations and the CCN (National Cryptological Center). This includes the basic principles and minimum requirements necessary for the adequate protection of information.;Tenant: kedarapavaskargmail.onmicrosoft.com;global;2026-06-30 20:17:09.719034;op.acc.2.az.r1.eid.1;Privilegios de acceso;op.acc.2.r1;operacional;control de acceso;Requisito de la configuración a través de la aplicación de roles RBAC;alto;refuerzo;confidencialidad,integridad,trazabilidad,autenticidad;automático;;FAIL;Users can create Microsoft 365 groups.;010fdff4-2484-41a0-be8b-fccd3e3af6da;entra_users_cannot_create_microsoft_365_groups;False;kedarapavaskargmail.onmicrosoft.com;ENS;ENS RD 311/2022 - Categoría Alta
azure;The accreditation scheme of the ENS (National Security Scheme) has been developed by the Ministry of Finance and Public Administrations and the CCN (National Cryptological Center). This includes the basic principles and minimum requirements necessary for the adequate protection of information.;Azure subscription 1;global;2026-06-30 20:17:09.719034;op.mon.2.r1.az.ma.1;Efectividad del sistema de incidentes;op.mon.2.r1 ;operacional;monitorización del sistema;Configurar el monitor de alerta para los cambios en los elementos de seguridad habilitados.;alto;refuerzo;confidencialidad,integridad,trazabilidad,autenticidad,disponibilidad;automático;;FAIL;There is not an alert for creating Policy Assignments in subscription Azure subscription 1 (524e42fc-65bd-4b6c-b65d-da2abce9b1d9).;/subscriptions/524e42fc-65bd-4b6c-b65d-da2abce9b1d9;monitor_alert_create_policy_assignment;False;524e42fc-65bd-4b6c-b65d-da2abce9b1d9;ENS;ENS RD 311/2022 - Categoría Alta
azure;The accreditation scheme of the ENS (National Security Scheme) has been developed by the Ministry of Finance and Public Administrations and the CCN (National Cryptological Center). This includes the basic principles and minimum requirements necessary for the adequate protection of information.;Azure subscription 1;global;2026-06-30 20:17:09.719034;op.mon.2.r1.az.ma.1;Efectividad del sistema de incidentes;op.mon.2.r1 ;operacional;monitorización del sistema;Configurar el monitor de alerta para los cambios en los elementos de seguridad habilitados.;alto;refuerzo;confidencialidad,integridad,trazabilidad,autenticidad,disponibilidad;automático;;FAIL;There is not an alert for creating/updating Network Security Groups in subscription Azure subscription 1 (524e42fc-65bd-4b6c-b65d-da2abce9b1d9).;/subscriptions/524e42fc-65bd-4b6c-b65d-da2abce9b1d9;monitor_alert_create_update_nsg;False;524e42fc-65bd-4b6c-b65d-da2abce9b1d9;ENS;ENS RD 311/2022 - Categoría Alta
azure;The accreditation scheme of the ENS (National Security Scheme) has been developed by the Ministry of Finance and Public Administrations and the CCN (National Cryptological Center). This includes the basic principles and minimum requirements necessary for the adequate protection of information.;Azure subscription 1;global;2026-06-30 20:17:09.719034;op.mon.2.r1.az.ma.1;Efectividad del sistema de incidentes;op.mon.2.r1 ;operacional;monitorización del sistema;Configurar el monitor de alerta para los cambios en los elementos de seguridad habilitados.;alto;refuerzo;confidencialidad,integridad,trazabilidad,autenticidad,disponibilidad;automático;;FAIL;There is not an alert for creating/updating Public IP address rule in subscription Azure subscription 1 (524e42fc-65bd-4b6c-b65d-da2abce9b1d9).;/subscriptions/524e42fc-65bd-4b6c-b65d-da2abce9b1d9;monitor_alert_create_update_public_ip_address_rule;False;524e42fc-65bd-4b6c-b65d-da2abce9b1d9;ENS;ENS RD 311/2022 - Categoría Alta
azure;The accreditation scheme of the ENS (National Security Scheme) has been developed by the Ministry of Finance and Public Administrations and the CCN (National Cryptological Center). This includes the basic principles and minimum requirements necessary for the adequate protection of information.;Azure subscription 1;global;2026-06-30 20:17:09.719034;op.mon.2.r1.az.ma.1;Efectividad del sistema de incidentes;op.mon.2.r1 ;operacional;monitorización del sistema;Configurar el monitor de alerta para los cambios en los elementos de seguridad habilitados.;alto;refuerzo;confidencialidad,integridad,trazabilidad,autenticidad,disponibilidad;automático;;FAIL;There is not an alert for creating/updating Security Solution in subscription Azure subscription 1 (524e42fc-65bd-4b6c-b65d-da2abce9b1d9).;/subscriptions/524e42fc-65bd-4b6c-b65d-da2abce9b1d9;monitor_alert_create_update_security_solution;False;524e42fc-65bd-4b6c-b65d-da2abce9b1d9;ENS;ENS RD 311/2022 - Categoría Alta
azure;The accreditation scheme of the ENS (National Security Scheme) has been developed by the Ministry of Finance and Public Administrations and the CCN (National Cryptological Center). This includes the basic principles and minimum requirements necessary for the adequate protection of information.;Azure subscription 1;global;2026-06-30 20:17:09.719034;op.mon.3.r6.az.ma.1;Inspecciones de seguridad;op.mon.3.r6 ;operacional;monitorización del sistema;Utilizar las alertas para las inspecciones de seguridad;alto;refuerzo;confidencialidad,integridad,trazabilidad,autenticidad,disponibilidad;automático;;FAIL;There is not an alert for creating/updating Security Solution in subscription Azure subscription 1 (524e42fc-65bd-4b6c-b65d-da2abce9b1d9).;/subscriptions/524e42fc-65bd-4b6c-b65d-da2abce9b1d9;monitor_alert_create_update_security_solution;False;524e42fc-65bd-4b6c-b65d-da2abce9b1d9;ENS;ENS RD 311/2022 - Categoría Alta
azure;The accreditation scheme of the ENS (National Security Scheme) has been developed by the Ministry of Finance and Public Administrations and the CCN (National Cryptological Center). This includes the basic principles and minimum requirements necessary for the adequate protection of information.;Azure subscription 1;global;2026-06-30 20:17:09.719034;op.mon.2.r1.az.ma.1;Efectividad del sistema de incidentes;op.mon.2.r1 ;operacional;monitorización del sistema;Configurar el monitor de alerta para los cambios en los elementos de seguridad habilitados.;alto;refuerzo;confidencialidad,integridad,trazabilidad,autenticidad,disponibilidad;automático;;FAIL;There is not an alert for creating/updating SQL Server firewall rule in subscription Azure subscription 1 (524e42fc-65bd-4b6c-b65d-da2abce9b1d9).;/subscriptions/524e42fc-65bd-4b6c-b65d-da2abce9b1d9;monitor_alert_create_update_sqlserver_fr;False;524e42fc-65bd-4b6c-b65d-da2abce9b1d9;ENS;ENS RD 311/2022 - Categoría Alta
azure;The accreditation scheme of the ENS (National Security Scheme) has been developed by the Ministry of Finance and Public Administrations and the CCN (National Cryptological Center). This includes the basic principles and minimum requirements necessary for the adequate protection of information.;Azure subscription 1;global;2026-06-30 20:17:09.719034;op.acc.6.r5.az.eid.2;Registro de la actividad;op.acc.6.r5;operacional;control de acceso;El registro de actividad de eliminación en los servicios de la nube debe de estar habilitado.;alto;refuerzo;confidencialidad,integridad,trazabilidad,autenticidad;automático;;FAIL;There is not an alert for deleting Network Security Groups in subscription Azure subscription 1 (524e42fc-65bd-4b6c-b65d-da2abce9b1d9).;/subscriptions/524e42fc-65bd-4b6c-b65d-da2abce9b1d9;monitor_alert_delete_nsg;False;524e42fc-65bd-4b6c-b65d-da2abce9b1d9;ENS;ENS RD 311/2022 - Categoría Alta
azure;The accreditation scheme of the ENS (National Security Scheme) has been developed by the Ministry of Finance and Public Administrations and the CCN (National Cryptological Center). This includes the basic principles and minimum requirements necessary for the adequate protection of information.;Azure subscription 1;global;2026-06-30 20:17:09.719034;op.acc.6.r5.az.eid.2;Registro de la actividad;op.acc.6.r5;operacional;control de acceso;El registro de actividad de eliminación en los servicios de la nube debe de estar habilitado.;alto;refuerzo;confidencialidad,integridad,trazabilidad,autenticidad;automático;;FAIL;There is not an alert for deleting policy assignment in subscription Azure subscription 1 (524e42fc-65bd-4b6c-b65d-da2abce9b1d9).;/subscriptions/524e42fc-65bd-4b6c-b65d-da2abce9b1d9;monitor_alert_delete_policy_assignment;False;524e42fc-65bd-4b6c-b65d-da2abce9b1d9;ENS;ENS RD 311/2022 - Categoría Alta
azure;The accreditation scheme of the ENS (National Security Scheme) has been developed by the Ministry of Finance and Public Administrations and the CCN (National Cryptological Center). This includes the basic principles and minimum requirements necessary for the adequate protection of information.;Azure subscription 1;global;2026-06-30 20:17:09.719034;op.acc.6.r5.az.eid.2;Registro de la actividad;op.acc.6.r5;operacional;control de acceso;El registro de actividad de eliminación en los servicios de la nube debe de estar habilitado.;alto;refuerzo;confidencialidad,integridad,trazabilidad,autenticidad;automático;;FAIL;There is not an alert for deleting public IP address rule in subscription Azure subscription 1 (524e42fc-65bd-4b6c-b65d-da2abce9b1d9).;/subscriptions/524e42fc-65bd-4b6c-b65d-da2abce9b1d9;monitor_alert_delete_public_ip_address_rule;False;524e42fc-65bd-4b6c-b65d-da2abce9b1d9;ENS;ENS RD 311/2022 - Categoría Alta
azure;The accreditation scheme of the ENS (National Security Scheme) has been developed by the Ministry of Finance and Public Administrations and the CCN (National Cryptological Center). This includes the basic principles and minimum requirements necessary for the adequate protection of information.;Azure subscription 1;global;2026-06-30 20:17:09.719034;op.acc.6.r5.az.eid.2;Registro de la actividad;op.acc.6.r5;operacional;control de acceso;El registro de actividad de eliminación en los servicios de la nube debe de estar habilitado.;alto;refuerzo;confidencialidad,integridad,trazabilidad,autenticidad;automático;;FAIL;There is not an alert for deleting Security Solution in subscription Azure subscription 1 (524e42fc-65bd-4b6c-b65d-da2abce9b1d9).;/subscriptions/524e42fc-65bd-4b6c-b65d-da2abce9b1d9;monitor_alert_delete_security_solution;False;524e42fc-65bd-4b6c-b65d-da2abce9b1d9;ENS;ENS RD 311/2022 - Categoría Alta
azure;The accreditation scheme of the ENS (National Security Scheme) has been developed by the Ministry of Finance and Public Administrations and the CCN (National Cryptological Center). This includes the basic principles and minimum requirements necessary for the adequate protection of information.;Azure subscription 1;global;2026-06-30 20:17:09.719034;op.acc.6.r5.az.eid.2;Registro de la actividad;op.acc.6.r5;operacional;control de acceso;El registro de actividad de eliminación en los servicios de la nube debe de estar habilitado.;alto;refuerzo;confidencialidad,integridad,trazabilidad,autenticidad;automático;;FAIL;There is not an alert for deleting SQL Server firewall rule in subscription Azure subscription 1 (524e42fc-65bd-4b6c-b65d-da2abce9b1d9).;/subscriptions/524e42fc-65bd-4b6c-b65d-da2abce9b1d9;monitor_alert_delete_sqlserver_fr;False;524e42fc-65bd-4b6c-b65d-da2abce9b1d9;ENS;ENS RD 311/2022 - Categoría Alta
azure;The accreditation scheme of the ENS (National Security Scheme) has been developed by the Ministry of Finance and Public Administrations and the CCN (National Cryptological Center). This includes the basic principles and minimum requirements necessary for the adequate protection of information.;Azure subscription 1;global;2026-06-30 20:17:09.719034;op.exp.8.az.md.1;Registro de la actividad;op.exp.8;operacional;explotación;Se habilitará el monitor de diagnóstico para cada categoría usada dentro de la subscripción.;alto;requisito;trazabilidad;automático;;FAIL;No diagnostic setting captures all appropriate categories (Administrative, Security, Alert, Policy) in subscription Azure subscription 1 (524e42fc-65bd-4b6c-b65d-da2abce9b1d9).;/subscriptions/524e42fc-65bd-4b6c-b65d-da2abce9b1d9;monitor_diagnostic_setting_with_appropriate_categories;False;524e42fc-65bd-4b6c-b65d-da2abce9b1d9;ENS;ENS RD 311/2022 - Categoría Alta
azure;The accreditation scheme of the ENS (National Security Scheme) has been developed by the Ministry of Finance and Public Administrations and the CCN (National Cryptological Center). This includes the basic principles and minimum requirements necessary for the adequate protection of information.;Azure subscription 1;global;2026-06-30 20:17:09.719034;op.mon.2.az.md.1;Sistema de métricas;op.mon.2 ;operacional;monitorización del sistema;Configurar el monitor de diagnóstico para los elementos habilitados de la nube.;alto;requisito;confidencialidad,integridad,trazabilidad,autenticidad,disponibilidad;automático;;FAIL;No diagnostic setting captures all appropriate categories (Administrative, Security, Alert, Policy) in subscription Azure subscription 1 (524e42fc-65bd-4b6c-b65d-da2abce9b1d9).;/subscriptions/524e42fc-65bd-4b6c-b65d-da2abce9b1d9;monitor_diagnostic_setting_with_appropriate_categories;False;524e42fc-65bd-4b6c-b65d-da2abce9b1d9;ENS;ENS RD 311/2022 - Categoría Alta
azure;The accreditation scheme of the ENS (National Security Scheme) has been developed by the Ministry of Finance and Public Administrations and the CCN (National Cryptological Center). This includes the basic principles and minimum requirements necessary for the adequate protection of information.;Azure subscription 1;global;2026-06-30 20:17:09.719034;op.exp.8.r5.az.ds.1;Revisión automática y correlación de eventos;op.exp.8.r5;operacional;explotación;Activación del monitor de diagnóstico para la revisión automática de eventos.;alto;refuerzo;trazabilidad;automático;;FAIL;No diagnostic settings found in subscription Azure subscription 1 (524e42fc-65bd-4b6c-b65d-da2abce9b1d9).;/subscriptions/524e42fc-65bd-4b6c-b65d-da2abce9b1d9;monitor_diagnostic_settings_exists;False;524e42fc-65bd-4b6c-b65d-da2abce9b1d9;ENS;ENS RD 311/2022 - Categoría Alta
azure;The accreditation scheme of the ENS (National Security Scheme) has been developed by the Ministry of Finance and Public Administrations and the CCN (National Cryptological Center). This includes the basic principles and minimum requirements necessary for the adequate protection of information.;Azure subscription 1;global;2026-06-30 20:17:09.719034;op.mon.2.r2.az.ma.1;Eficiencia del sistema de gestión de la seguridad;op.mon.2.r2 ;operacional;monitorización del sistema;Asegurar que el monitor de diagnóstico de la actividad de la subscrición esté activa.;alto;refuerzo;confidencialidad,integridad,trazabilidad,autenticidad,disponibilidad;automático;;FAIL;No diagnostic settings found in subscription Azure subscription 1 (524e42fc-65bd-4b6c-b65d-da2abce9b1d9).;/subscriptions/524e42fc-65bd-4b6c-b65d-da2abce9b1d9;monitor_diagnostic_settings_exists;False;524e42fc-65bd-4b6c-b65d-da2abce9b1d9;ENS;ENS RD 311/2022 - Categoría Alta
azure;The accreditation scheme of the ENS (National Security Scheme) has been developed by the Ministry of Finance and Public Administrations and the CCN (National Cryptological Center). This includes the basic principles and minimum requirements necessary for the adequate protection of information.;Azure subscription 1;global;2026-06-30 20:17:09.719034;mp.com.4.r4.az.nt.1;Puntos de interconexión;mp.com.4.r4;medidas de protección;protección de las comunicaciones;Asegurarse de que el acceso a la red de conexión con  internet esté protegida.;alto;refuerzo;confidencialidad,integridad,trazabilidad,autenticidad,disponibilidad;automático;;FAIL;Bastion Host from subscription Azure subscription 1 (524e42fc-65bd-4b6c-b65d-da2abce9b1d9) does not exist;/subscriptions/524e42fc-65bd-4b6c-b65d-da2abce9b1d9;network_bastion_host_exists;False;524e42fc-65bd-4b6c-b65d-da2abce9b1d9;ENS;ENS RD 311/2022 - Categoría Alta
azure;The accreditation scheme of the ENS (National Security Scheme) has been developed by the Ministry of Finance and Public Administrations and the CCN (National Cryptological Center). This includes the basic principles and minimum requirements necessary for the adequate protection of information.;Azure subscription 1;centralus;2026-06-30 20:17:09.719034;op.mon.1.r1.az.nf.1;Detección basada en reglas;op.mon.1.r1 ;operacional;monitorización del sistema;Activación del Network Flow Log para la identificación del tráfico de la red.;alto;refuerzo;confidencialidad,integridad,trazabilidad,autenticidad,disponibilidad;automático;;FAIL;Network Watcher NetworkWatcher_centralus from subscription Azure subscription 1 (524e42fc-65bd-4b6c-b65d-da2abce9b1d9) has no flow logs;/subscriptions/524e42fc-65bd-4b6c-b65d-da2abce9b1d9/resourceGroups/NetworkWatcherRG/providers/Microsoft.Network/networkWatchers/NetworkWatcher_centralus;network_flow_log_captured_sent;False;NetworkWatcher_centralus;ENS;ENS RD 311/2022 - Categoría Alta
azure;The accreditation scheme of the ENS (National Security Scheme) has been developed by the Ministry of Finance and Public Administrations and the CCN (National Cryptological Center). This includes the basic principles and minimum requirements necessary for the adequate protection of information.;Azure subscription 1;centralus;2026-06-30 20:17:09.719034;op.mon.3.az.nw.1;Vigilancia;op.mon.3 ;operacional;monitorización del sistema;Auditoría delos registros de los servicios de GCP con la suficiente retención para la vigilancia de la información;alto;requisito;confidencialidad,integridad,trazabilidad,autenticidad,disponibilidad;automático;;FAIL;Network Watcher NetworkWatcher_centralus from subscription Azure subscription 1 (524e42fc-65bd-4b6c-b65d-da2abce9b1d9) has no flow logs;/subscriptions/524e42fc-65bd-4b6c-b65d-da2abce9b1d9/resourceGroups/NetworkWatcherRG/providers/Microsoft.Network/networkWatchers/NetworkWatcher_centralus;network_flow_log_captured_sent;False;NetworkWatcher_centralus;ENS;ENS RD 311/2022 - Categoría Alta
azure;The accreditation scheme of the ENS (National Security Scheme) has been developed by the Ministry of Finance and Public Administrations and the CCN (National Cryptological Center). This includes the basic principles and minimum requirements necessary for the adequate protection of information.;Azure subscription 1;centralus;2026-06-30 20:17:09.719034;mp.s.4.r1.az.nt.1;Detección y reacción;mp.s.4.r1;medidas de protección;protección de los servicios;Habilitar el flujo de logs de la red para la captura de los datos enviados;alto;requisito;disponibilidad;automático;;FAIL;Network Watcher NetworkWatcher_centralus from subscription Azure subscription 1 (524e42fc-65bd-4b6c-b65d-da2abce9b1d9) has no flow logs;/subscriptions/524e42fc-65bd-4b6c-b65d-da2abce9b1d9/resourceGroups/NetworkWatcherRG/providers/Microsoft.Network/networkWatchers/NetworkWatcher_centralus;network_flow_log_captured_sent;False;NetworkWatcher_centralus;ENS;ENS RD 311/2022 - Categoría Alta
azure;The accreditation scheme of the ENS (National Security Scheme) has been developed by the Ministry of Finance and Public Administrations and the CCN (National Cryptological Center). This includes the basic principles and minimum requirements necessary for the adequate protection of information.;Azure subscription 1;centralus;2026-06-30 20:17:09.719034;op.exp.8.r3.az.nt.1;Retención de registros;op.exp.8.r3;operacional;explotación;La configuración de los registros debe estar configurada con un período de retención.;alto;refuerzo;trazabilidad;automático;;FAIL;Network Watcher NetworkWatcher_centralus from subscription Azure subscription 1 (524e42fc-65bd-4b6c-b65d-da2abce9b1d9) has no flow logs;/subscriptions/524e42fc-65bd-4b6c-b65d-da2abce9b1d9/resourceGroups/NetworkWatcherRG/providers/Microsoft.Network/networkWatchers/NetworkWatcher_centralus;network_flow_log_more_than_90_days;False;NetworkWatcher_centralus;ENS;ENS RD 311/2022 - Categoría Alta
azure;The accreditation scheme of the ENS (National Security Scheme) has been developed by the Ministry of Finance and Public Administrations and the CCN (National Cryptological Center). This includes the basic principles and minimum requirements necessary for the adequate protection of information.;Azure subscription 1;centralus;2026-06-30 20:17:09.719034;op.mon.3.az.nw.1;Vigilancia;op.mon.3 ;operacional;monitorización del sistema;Auditoría delos registros de los servicios de GCP con la suficiente retención para la vigilancia de la información;alto;requisito;confidencialidad,integridad,trazabilidad,autenticidad,disponibilidad;automático;;FAIL;Network Watcher NetworkWatcher_centralus from subscription Azure subscription 1 (524e42fc-65bd-4b6c-b65d-da2abce9b1d9) has no flow logs;/subscriptions/524e42fc-65bd-4b6c-b65d-da2abce9b1d9/resourceGroups/NetworkWatcherRG/providers/Microsoft.Network/networkWatchers/NetworkWatcher_centralus;network_flow_log_more_than_90_days;False;NetworkWatcher_centralus;ENS;ENS RD 311/2022 - Categoría Alta
azure;The accreditation scheme of the ENS (National Security Scheme) has been developed by the Ministry of Finance and Public Administrations and the CCN (National Cryptological Center). This includes the basic principles and minimum requirements necessary for the adequate protection of information.;Azure subscription 1;centralus;2026-06-30 20:17:09.719034;mp.com.3.r2.az.tls.1;Algoritmos y parámetros autorizados;mp.com.3.r2 ;medidas de protección;protección de las comunicaciones;La versión de TLS para las aplicaciones debe de ser como mínimo versión 1.2;alto;refuerzo;integridad,autenticidad;automático;;FAIL;Security Group nsg-web-cloudguardian-lab from subscription Azure subscription 1 (524e42fc-65bd-4b6c-b65d-da2abce9b1d9) has HTTP internet access allowed.;/subscriptions/524e42fc-65bd-4b6c-b65d-da2abce9b1d9/resourceGroups/rg-cloudguardian-lab/providers/Microsoft.Network/networkSecurityGroups/nsg-web-cloudguardian-lab;network_http_internet_access_restricted;False;nsg-web-cloudguardian-lab;ENS;ENS RD 311/2022 - Categoría Alta
azure;The accreditation scheme of the ENS (National Security Scheme) has been developed by the Ministry of Finance and Public Administrations and the CCN (National Cryptological Center). This includes the basic principles and minimum requirements necessary for the adequate protection of information.;Azure subscription 1;centralus;2026-06-30 20:17:09.719034;mp.com.4.r3.az.1;Segmentación física;mp.com.4.r3;medidas de protección;protección de las comunicaciones;Configuración de VNETs para el aislamiento de redes;alto;refuerzo;confidencialidad,integridad,trazabilidad,autenticidad,disponibilidad;automático;;FAIL;Security Group nsg-web-cloudguardian-lab from subscription Azure subscription 1 (524e42fc-65bd-4b6c-b65d-da2abce9b1d9) has HTTP internet access allowed.;/subscriptions/524e42fc-65bd-4b6c-b65d-da2abce9b1d9/resourceGroups/rg-cloudguardian-lab/providers/Microsoft.Network/networkSecurityGroups/nsg-web-cloudguardian-lab;network_http_internet_access_restricted;False;nsg-web-cloudguardian-lab;ENS;ENS RD 311/2022 - Categoría Alta
azure;The accreditation scheme of the ENS (National Security Scheme) has been developed by the Ministry of Finance and Public Administrations and the CCN (National Cryptological Center). This includes the basic principles and minimum requirements necessary for the adequate protection of information.;Azure subscription 1;centralus;2026-06-30 20:17:09.719034;mp.com.4.r4.az.nt.1;Puntos de interconexión;mp.com.4.r4;medidas de protección;protección de las comunicaciones;Asegurarse de que el acceso a la red de conexión con  internet esté protegida.;alto;refuerzo;confidencialidad,integridad,trazabilidad,autenticidad,disponibilidad;automático;;FAIL;Security Group nsg-web-cloudguardian-lab from subscription Azure subscription 1 (524e42fc-65bd-4b6c-b65d-da2abce9b1d9) has HTTP internet access allowed.;/subscriptions/524e42fc-65bd-4b6c-b65d-da2abce9b1d9/resourceGroups/rg-cloudguardian-lab/providers/Microsoft.Network/networkSecurityGroups/nsg-web-cloudguardian-lab;network_http_internet_access_restricted;False;nsg-web-cloudguardian-lab;ENS;ENS RD 311/2022 - Categoría Alta
azure;The accreditation scheme of the ENS (National Security Scheme) has been developed by the Ministry of Finance and Public Administrations and the CCN (National Cryptological Center). This includes the basic principles and minimum requirements necessary for the adequate protection of information.;Azure subscription 1;centralus;2026-06-30 20:17:09.719034;mp.s.4.az.nt.1;Protección frente a denegación de servicio;mp.s.4;medidas de protección;protección de los servicios;El acceso a la red de conexión con internet debe estar restringida.;alto;requisito;disponibilidad;automático;;FAIL;Security Group nsg-web-cloudguardian-lab from subscription Azure subscription 1 (524e42fc-65bd-4b6c-b65d-da2abce9b1d9) has HTTP internet access allowed.;/subscriptions/524e42fc-65bd-4b6c-b65d-da2abce9b1d9/resourceGroups/rg-cloudguardian-lab/providers/Microsoft.Network/networkSecurityGroups/nsg-web-cloudguardian-lab;network_http_internet_access_restricted;False;nsg-web-cloudguardian-lab;ENS;ENS RD 311/2022 - Categoría Alta
azure;The accreditation scheme of the ENS (National Security Scheme) has been developed by the Ministry of Finance and Public Administrations and the CCN (National Cryptological Center). This includes the basic principles and minimum requirements necessary for the adequate protection of information.;Azure subscription 1;centralus;2026-06-30 20:17:09.719034;mp.com.1.az.nw.1;Perímetro seguro;mp.com.1;medidas de protección;protección de las comunicaciones;Habilitar la restricción de acceso para el tráfico por internet a través de RDP;alto;requisito;confidencialidad,integridad,trazabilidad,autenticidad,disponibilidad;automático;;PASS;Security Group nsg-web-cloudguardian-lab from subscription Azure subscription 1 (524e42fc-65bd-4b6c-b65d-da2abce9b1d9) has RDP internet access restricted.;/subscriptions/524e42fc-65bd-4b6c-b65d-da2abce9b1d9/resourceGroups/rg-cloudguardian-lab/providers/Microsoft.Network/networkSecurityGroups/nsg-web-cloudguardian-lab;network_rdp_internet_access_restricted;False;nsg-web-cloudguardian-lab;ENS;ENS RD 311/2022 - Categoría Alta
azure;The accreditation scheme of the ENS (National Security Scheme) has been developed by the Ministry of Finance and Public Administrations and the CCN (National Cryptological Center). This includes the basic principles and minimum requirements necessary for the adequate protection of information.;Azure subscription 1;centralus;2026-06-30 20:17:09.719034;mp.com.1.az.nw.2;Perímetro seguro;mp.com.1;medidas de protección;protección de las comunicaciones;Habilitar la restricción de acceso para el tráfico por internet a través de SSH;alto;requisito;confidencialidad,integridad,trazabilidad,autenticidad,disponibilidad;automático;;FAIL;Security Group nsg-web-cloudguardian-lab from subscription Azure subscription 1 (524e42fc-65bd-4b6c-b65d-da2abce9b1d9) has SSH internet access allowed.;/subscriptions/524e42fc-65bd-4b6c-b65d-da2abce9b1d9/resourceGroups/rg-cloudguardian-lab/providers/Microsoft.Network/networkSecurityGroups/nsg-web-cloudguardian-lab;network_ssh_internet_access_restricted;False;nsg-web-cloudguardian-lab;ENS;ENS RD 311/2022 - Categoría Alta
azure;The accreditation scheme of the ENS (National Security Scheme) has been developed by the Ministry of Finance and Public Administrations and the CCN (National Cryptological Center). This includes the basic principles and minimum requirements necessary for the adequate protection of information.;Azure subscription 1;centralus;2026-06-30 20:17:09.719034;mp.com.1.az.nw.3;Perímetro seguro;mp.com.1;medidas de protección;protección de las comunicaciones;Habilitar la restricción de acceso para el tráfico por internet a través de UDP.;alto;requisito;confidencialidad,integridad,trazabilidad,autenticidad,disponibilidad;automático;;PASS;Security Group nsg-web-cloudguardian-lab from subscription Azure subscription 1 (524e42fc-65bd-4b6c-b65d-da2abce9b1d9) has UDP internet access restricted.;/subscriptions/524e42fc-65bd-4b6c-b65d-da2abce9b1d9/resourceGroups/rg-cloudguardian-lab/providers/Microsoft.Network/networkSecurityGroups/nsg-web-cloudguardian-lab;network_udp_internet_access_restricted;False;nsg-web-cloudguardian-lab;ENS;ENS RD 311/2022 - Categoría Alta
azure;The accreditation scheme of the ENS (National Security Scheme) has been developed by the Ministry of Finance and Public Administrations and the CCN (National Cryptological Center). This includes the basic principles and minimum requirements necessary for the adequate protection of information.;Azure subscription 1;global;2026-06-30 20:17:09.719034;op.mon.1.az.nw.1;Detección de intrusión;op.mon.1 ;operacional;monitorización del sistema;Activación del Network Watcher para la captura de paquetes y detección del tráfico de la red.;alto;requisito;confidencialidad,integridad,trazabilidad,autenticidad,disponibilidad;automático;;FAIL;Network Watcher is not enabled for the following locations in subscription 'Azure subscription 1 (524e42fc-65bd-4b6c-b65d-da2abce9b1d9)': southafricanorth, japaneast, southafricawest, qatarcentral, switzerlandnorth, northeurope, francesouth, southeastasia, koreacentral, brazilsouth, belgiumcentral, australiacentral, westindia, eastus, australiacentral2, jioindiawest, norwaywest, swedencentral, austriaeast, westcentralus, germanywestcentral, southcentralus, uaecentral, norwayeast, koreasouth, westus2, centralindia, indonesiacentral, japanwest, mexicocentral, chilecentral, northcentralus, westeurope, southindia, brazilsoutheast, francecentral, westus, malaysiawest, australiasoutheast, newzealandnorth, westus3, australiaeast, uksouth, polandcentral, spaincentral, israelcentral, canadaeast, eastus2, jioindiacentral, italynorth, uaenorth, switzerlandwest, ukwest, germanynorth, canadacentral, denmarkeast, eastasia.;/subscriptions/524e42fc-65bd-4b6c-b65d-da2abce9b1d9;network_watcher_enabled;False;524e42fc-65bd-4b6c-b65d-da2abce9b1d9;ENS;ENS RD 311/2022 - Categoría Alta
azure;The accreditation scheme of the ENS (National Security Scheme) has been developed by the Ministry of Finance and Public Administrations and the CCN (National Cryptological Center). This includes the basic principles and minimum requirements necessary for the adequate protection of information.;Azure subscription 1;global;2026-06-30 20:17:09.719034;op.mon.2.r2.az.ma.1;Eficiencia del sistema de gestión de la seguridad;op.mon.2.r2 ;operacional;monitorización del sistema;Asegurar que el monitor de diagnóstico de la actividad de la subscrición esté activa.;alto;refuerzo;confidencialidad,integridad,trazabilidad,autenticidad,disponibilidad;automático;;FAIL;Network Watcher is not enabled for the following locations in subscription 'Azure subscription 1 (524e42fc-65bd-4b6c-b65d-da2abce9b1d9)': southafricanorth, japaneast, southafricawest, qatarcentral, switzerlandnorth, northeurope, francesouth, southeastasia, koreacentral, brazilsouth, belgiumcentral, australiacentral, westindia, eastus, australiacentral2, jioindiawest, norwaywest, swedencentral, austriaeast, westcentralus, germanywestcentral, southcentralus, uaecentral, norwayeast, koreasouth, westus2, centralindia, indonesiacentral, japanwest, mexicocentral, chilecentral, northcentralus, westeurope, southindia, brazilsoutheast, francecentral, westus, malaysiawest, australiasoutheast, newzealandnorth, westus3, australiaeast, uksouth, polandcentral, spaincentral, israelcentral, canadaeast, eastus2, jioindiacentral, italynorth, uaenorth, switzerlandwest, ukwest, germanynorth, canadacentral, denmarkeast, eastasia.;/subscriptions/524e42fc-65bd-4b6c-b65d-da2abce9b1d9;network_watcher_enabled;False;524e42fc-65bd-4b6c-b65d-da2abce9b1d9;ENS;ENS RD 311/2022 - Categoría Alta
azure;The accreditation scheme of the ENS (National Security Scheme) has been developed by the Ministry of Finance and Public Administrations and the CCN (National Cryptological Center). This includes the basic principles and minimum requirements necessary for the adequate protection of information.;Azure subscription 1;global;2026-06-30 20:17:09.719034;op.mon.3.az.nw.1;Vigilancia;op.mon.3 ;operacional;monitorización del sistema;Habilitar Network Watcher para registrar y mantener la información de seguridad centralizada.;alto;requisito;confidencialidad,integridad,trazabilidad,autenticidad,disponibilidad;automático;;FAIL;Network Watcher is not enabled for the following locations in subscription 'Azure subscription 1 (524e42fc-65bd-4b6c-b65d-da2abce9b1d9)': southafricanorth, japaneast, southafricawest, qatarcentral, switzerlandnorth, northeurope, francesouth, southeastasia, koreacentral, brazilsouth, belgiumcentral, australiacentral, westindia, eastus, australiacentral2, jioindiawest, norwaywest, swedencentral, austriaeast, westcentralus, germanywestcentral, southcentralus, uaecentral, norwayeast, koreasouth, westus2, centralindia, indonesiacentral, japanwest, mexicocentral, chilecentral, northcentralus, westeurope, southindia, brazilsoutheast, francecentral, westus, malaysiawest, australiasoutheast, newzealandnorth, westus3, australiaeast, uksouth, polandcentral, spaincentral, israelcentral, canadaeast, eastus2, jioindiacentral, italynorth, uaenorth, switzerlandwest, ukwest, germanynorth, canadacentral, denmarkeast, eastasia.;/subscriptions/524e42fc-65bd-4b6c-b65d-da2abce9b1d9;network_watcher_enabled;False;524e42fc-65bd-4b6c-b65d-da2abce9b1d9;ENS;ENS RD 311/2022 - Categoría Alta
azure;The accreditation scheme of the ENS (National Security Scheme) has been developed by the Ministry of Finance and Public Administrations and the CCN (National Cryptological Center). This includes the basic principles and minimum requirements necessary for the adequate protection of information.;Azure subscription 1;global;2026-06-30 20:17:09.719034;mp.com.1.az.nw.1;Perímetro seguro;mp.com.1;medidas de protección;protección de las comunicaciones;Habilitar la restricción de acceso para el tráfico por internet a través de RDP;alto;requisito;confidencialidad,integridad,trazabilidad,autenticidad,disponibilidad;automático;;FAIL;Network Watcher is not enabled for the following locations in subscription 'Azure subscription 1 (524e42fc-65bd-4b6c-b65d-da2abce9b1d9)': southafricanorth, japaneast, southafricawest, qatarcentral, switzerlandnorth, northeurope, francesouth, southeastasia, koreacentral, brazilsouth, belgiumcentral, australiacentral, westindia, eastus, australiacentral2, jioindiawest, norwaywest, swedencentral, austriaeast, westcentralus, germanywestcentral, southcentralus, uaecentral, norwayeast, koreasouth, westus2, centralindia, indonesiacentral, japanwest, mexicocentral, chilecentral, northcentralus, westeurope, southindia, brazilsoutheast, francecentral, westus, malaysiawest, australiasoutheast, newzealandnorth, westus3, australiaeast, uksouth, polandcentral, spaincentral, israelcentral, canadaeast, eastus2, jioindiacentral, italynorth, uaenorth, switzerlandwest, ukwest, germanynorth, canadacentral, denmarkeast, eastasia.;/subscriptions/524e42fc-65bd-4b6c-b65d-da2abce9b1d9;network_watcher_enabled;False;524e42fc-65bd-4b6c-b65d-da2abce9b1d9;ENS;ENS RD 311/2022 - Categoría Alta
azure;The accreditation scheme of the ENS (National Security Scheme) has been developed by the Ministry of Finance and Public Administrations and the CCN (National Cryptological Center). This includes the basic principles and minimum requirements necessary for the adequate protection of information.;Azure subscription 1;global;2026-06-30 20:17:09.719034;mp.com.1.az.nw.2;Perímetro seguro;mp.com.1;medidas de protección;protección de las comunicaciones;Habilitar la restricción de acceso para el tráfico por internet a través de SSH;alto;requisito;confidencialidad,integridad,trazabilidad,autenticidad,disponibilidad;automático;;FAIL;Network Watcher is not enabled for the following locations in subscription 'Azure subscription 1 (524e42fc-65bd-4b6c-b65d-da2abce9b1d9)': southafricanorth, japaneast, southafricawest, qatarcentral, switzerlandnorth, northeurope, francesouth, southeastasia, koreacentral, brazilsouth, belgiumcentral, australiacentral, westindia, eastus, australiacentral2, jioindiawest, norwaywest, swedencentral, austriaeast, westcentralus, germanywestcentral, southcentralus, uaecentral, norwayeast, koreasouth, westus2, centralindia, indonesiacentral, japanwest, mexicocentral, chilecentral, northcentralus, westeurope, southindia, brazilsoutheast, francecentral, westus, malaysiawest, australiasoutheast, newzealandnorth, westus3, australiaeast, uksouth, polandcentral, spaincentral, israelcentral, canadaeast, eastus2, jioindiacentral, italynorth, uaenorth, switzerlandwest, ukwest, germanynorth, canadacentral, denmarkeast, eastasia.;/subscriptions/524e42fc-65bd-4b6c-b65d-da2abce9b1d9;network_watcher_enabled;False;524e42fc-65bd-4b6c-b65d-da2abce9b1d9;ENS;ENS RD 311/2022 - Categoría Alta
azure;The accreditation scheme of the ENS (National Security Scheme) has been developed by the Ministry of Finance and Public Administrations and the CCN (National Cryptological Center). This includes the basic principles and minimum requirements necessary for the adequate protection of information.;Azure subscription 1;global;2026-06-30 20:17:09.719034;mp.com.1.az.nw.3;Perímetro seguro;mp.com.1;medidas de protección;protección de las comunicaciones;Habilitar la restricción de acceso para el tráfico por internet a través de UDP.;alto;requisito;confidencialidad,integridad,trazabilidad,autenticidad,disponibilidad;automático;;FAIL;Network Watcher is not enabled for the following locations in subscription 'Azure subscription 1 (524e42fc-65bd-4b6c-b65d-da2abce9b1d9)': southafricanorth, japaneast, southafricawest, qatarcentral, switzerlandnorth, northeurope, francesouth, southeastasia, koreacentral, brazilsouth, belgiumcentral, australiacentral, westindia, eastus, australiacentral2, jioindiawest, norwaywest, swedencentral, austriaeast, westcentralus, germanywestcentral, southcentralus, uaecentral, norwayeast, koreasouth, westus2, centralindia, indonesiacentral, japanwest, mexicocentral, chilecentral, northcentralus, westeurope, southindia, brazilsoutheast, francecentral, westus, malaysiawest, australiasoutheast, newzealandnorth, westus3, australiaeast, uksouth, polandcentral, spaincentral, israelcentral, canadaeast, eastus2, jioindiacentral, italynorth, uaenorth, switzerlandwest, ukwest, germanynorth, canadacentral, denmarkeast, eastasia.;/subscriptions/524e42fc-65bd-4b6c-b65d-da2abce9b1d9;network_watcher_enabled;False;524e42fc-65bd-4b6c-b65d-da2abce9b1d9;ENS;ENS RD 311/2022 - Categoría Alta
azure;The accreditation scheme of the ENS (National Security Scheme) has been developed by the Ministry of Finance and Public Administrations and the CCN (National Cryptological Center). This includes the basic principles and minimum requirements necessary for the adequate protection of information.;Azure subscription 1;global;2026-06-30 20:17:09.719034;mp.com.3.az.nw.1;Protección de la integridad y de la autenticidad;mp.com.3 ;medidas de protección;protección de las comunicaciones;Asegurarse de que la comunicación del frontal sea a través de HTTPS.;alto;requisito;integridad,autenticidad;automático;;FAIL;Network Watcher is not enabled for the following locations in subscription 'Azure subscription 1 (524e42fc-65bd-4b6c-b65d-da2abce9b1d9)': southafricanorth, japaneast, southafricawest, qatarcentral, switzerlandnorth, northeurope, francesouth, southeastasia, koreacentral, brazilsouth, belgiumcentral, australiacentral, westindia, eastus, australiacentral2, jioindiawest, norwaywest, swedencentral, austriaeast, westcentralus, germanywestcentral, southcentralus, uaecentral, norwayeast, koreasouth, westus2, centralindia, indonesiacentral, japanwest, mexicocentral, chilecentral, northcentralus, westeurope, southindia, brazilsoutheast, francecentral, westus, malaysiawest, australiasoutheast, newzealandnorth, westus3, australiaeast, uksouth, polandcentral, spaincentral, israelcentral, canadaeast, eastus2, jioindiacentral, italynorth, uaenorth, switzerlandwest, ukwest, germanynorth, canadacentral, denmarkeast, eastasia.;/subscriptions/524e42fc-65bd-4b6c-b65d-da2abce9b1d9;network_watcher_enabled;False;524e42fc-65bd-4b6c-b65d-da2abce9b1d9;ENS;ENS RD 311/2022 - Categoría Alta
azure;The accreditation scheme of the ENS (National Security Scheme) has been developed by the Ministry of Finance and Public Administrations and the CCN (National Cryptological Center). This includes the basic principles and minimum requirements necessary for the adequate protection of information.;Azure subscription 1;centralus;2026-06-30 20:17:09.719034;op.acc.6.r5.az.eid.4;Registro de la actividad;op.acc.6.r5;operacional;control de acceso;El registro de actividad en los servicios de SQL Server debe de estar habilitado.;alto;refuerzo;confidencialidad,integridad,trazabilidad,autenticidad;automático;;FAIL;SQL Server sql-cloudguardian-lab-8kd45 from subscription Azure subscription 1 (524e42fc-65bd-4b6c-b65d-da2abce9b1d9) does not have any auditing policy configured.;/subscriptions/524e42fc-65bd-4b6c-b65d-da2abce9b1d9/resourceGroups/rg-cloudguardian-lab/providers/Microsoft.Sql/servers/sql-cloudguardian-lab-8kd45;sqlserver_auditing_enabled;False;sql-cloudguardian-lab-8kd45;ENS;ENS RD 311/2022 - Categoría Alta
azure;The accreditation scheme of the ENS (National Security Scheme) has been developed by the Ministry of Finance and Public Administrations and the CCN (National Cryptological Center). This includes the basic principles and minimum requirements necessary for the adequate protection of information.;Azure subscription 1;centralus;2026-06-30 20:17:09.719034;op.exp.8.r3.az.nt.1;Retención de registros;op.exp.8.r3;operacional;explotación;La configuración de los registros debe estar configurada con un período de retención.;alto;refuerzo;trazabilidad;automático;;FAIL;SQL Server sql-cloudguardian-lab-8kd45 from subscription Azure subscription 1 (524e42fc-65bd-4b6c-b65d-da2abce9b1d9) has auditing disabled.;/subscriptions/524e42fc-65bd-4b6c-b65d-da2abce9b1d9/resourceGroups/rg-cloudguardian-lab/providers/Microsoft.Sql/servers/sql-cloudguardian-lab-8kd45;sqlserver_auditing_retention_90_days;False;sql-cloudguardian-lab-8kd45;ENS;ENS RD 311/2022 - Categoría Alta
azure;The accreditation scheme of the ENS (National Security Scheme) has been developed by the Ministry of Finance and Public Administrations and the CCN (National Cryptological Center). This includes the basic principles and minimum requirements necessary for the adequate protection of information.;Azure subscription 1;centralus;2026-06-30 20:17:09.719034;op.mon.3.az.nw.1;Vigilancia;op.mon.3 ;operacional;monitorización del sistema;Auditoría delos registros de los servicios de GCP con la suficiente retención para la vigilancia de la información;alto;requisito;confidencialidad,integridad,trazabilidad,autenticidad,disponibilidad;automático;;FAIL;SQL Server sql-cloudguardian-lab-8kd45 from subscription Azure subscription 1 (524e42fc-65bd-4b6c-b65d-da2abce9b1d9) has auditing disabled.;/subscriptions/524e42fc-65bd-4b6c-b65d-da2abce9b1d9/resourceGroups/rg-cloudguardian-lab/providers/Microsoft.Sql/servers/sql-cloudguardian-lab-8kd45;sqlserver_auditing_retention_90_days;False;sql-cloudguardian-lab-8kd45;ENS;ENS RD 311/2022 - Categoría Alta
azure;The accreditation scheme of the ENS (National Security Scheme) has been developed by the Ministry of Finance and Public Administrations and the CCN (National Cryptological Center). This includes the basic principles and minimum requirements necessary for the adequate protection of information.;Azure subscription 1;centralus;2026-06-30 20:17:09.719034;mp.s.4.r1.az.nt.4;Detección y reacción;mp.s.4.r1;medidas de protección;protección de los servicios;Habilitar defender para los servicios de bases de datos en la nube;alto;requisito;disponibilidad;automático;;FAIL;SQL Server sql-cloudguardian-lab-8kd45 from subscription Azure subscription 1 (524e42fc-65bd-4b6c-b65d-da2abce9b1d9) has microsoft defender disabled.;/subscriptions/524e42fc-65bd-4b6c-b65d-da2abce9b1d9/resourceGroups/rg-cloudguardian-lab/providers/Microsoft.Sql/servers/sql-cloudguardian-lab-8kd45;sqlserver_microsoft_defender_enabled;False;sql-cloudguardian-lab-8kd45;ENS;ENS RD 311/2022 - Categoría Alta
azure;The accreditation scheme of the ENS (National Security Scheme) has been developed by the Ministry of Finance and Public Administrations and the CCN (National Cryptological Center). This includes the basic principles and minimum requirements necessary for the adequate protection of information.;Azure subscription 1;centralus;2026-06-30 20:17:09.719034;op.mon.3.r5.az.1;Minería de datos;op.mon.3.r5 ;operacional;monitorización del sistema;Aplicación de medidas para restringir el acceso a datos sin autorización en los servicios de la nube;alto;refuerzo;confidencialidad,integridad,trazabilidad,autenticidad,disponibilidad;automático;;FAIL;SQL Server sql-cloudguardian-lab-8kd45 from subscription Azure subscription 1 (524e42fc-65bd-4b6c-b65d-da2abce9b1d9) has firewall rules allowing 0.0.0.0-255.255.255.255.;/subscriptions/524e42fc-65bd-4b6c-b65d-da2abce9b1d9/resourceGroups/rg-cloudguardian-lab/providers/Microsoft.Sql/servers/sql-cloudguardian-lab-8kd45;sqlserver_unrestricted_inbound_access;False;sql-cloudguardian-lab-8kd45;ENS;ENS RD 311/2022 - Categoría Alta
azure;The accreditation scheme of the ENS (National Security Scheme) has been developed by the Ministry of Finance and Public Administrations and the CCN (National Cryptological Center). This includes the basic principles and minimum requirements necessary for the adequate protection of information.;Azure subscription 1;centralus;2026-06-30 20:17:09.719034;op.mon.2.r2.az.ma.1;Eficiencia del sistema de gestión de la seguridad;op.mon.2.r2 ;operacional;monitorización del sistema;Asegurar que el monitor de diagnóstico de la actividad de la subscrición esté activa.;alto;refuerzo;confidencialidad,integridad,trazabilidad,autenticidad,disponibilidad;automático;;FAIL;SQL Server sql-cloudguardian-lab-8kd45 from subscription Azure subscription 1 (524e42fc-65bd-4b6c-b65d-da2abce9b1d9) has vulnerability assessment disabled.;/subscriptions/524e42fc-65bd-4b6c-b65d-da2abce9b1d9/resourceGroups/rg-cloudguardian-lab/providers/Microsoft.Sql/servers/sql-cloudguardian-lab-8kd45;sqlserver_va_emails_notifications_admins_enabled;False;sql-cloudguardian-lab-8kd45;ENS;ENS RD 311/2022 - Categoría Alta
azure;The accreditation scheme of the ENS (National Security Scheme) has been developed by the Ministry of Finance and Public Administrations and the CCN (National Cryptological Center). This includes the basic principles and minimum requirements necessary for the adequate protection of information.;Azure subscription 1;centralus;2026-06-30 20:17:09.719034;op.con.3.az.pd.1;Pruebas periódicas;op.cont.3 ;operacional;continuidad del servicio;Habilitar las pruebas periodicas para los servicios de GCP;alto;requisito;disponibilidad;automático;;FAIL;SQL Server sql-cloudguardian-lab-8kd45 from subscription Azure subscription 1 (524e42fc-65bd-4b6c-b65d-da2abce9b1d9) has vulnerability assessment disabled.;/subscriptions/524e42fc-65bd-4b6c-b65d-da2abce9b1d9/resourceGroups/rg-cloudguardian-lab/providers/Microsoft.Sql/servers/sql-cloudguardian-lab-8kd45;sqlserver_va_periodic_recurring_scans_enabled;False;sql-cloudguardian-lab-8kd45;ENS;ENS RD 311/2022 - Categoría Alta
azure;The accreditation scheme of the ENS (National Security Scheme) has been developed by the Ministry of Finance and Public Administrations and the CCN (National Cryptological Center). This includes the basic principles and minimum requirements necessary for the adequate protection of information.;Azure subscription 1;centralus;2026-06-30 20:17:09.719034;op.mon.3.r3.az.de.3;Ciberamenazas avanzadas;op.mon.3.r3 ;operacional;monitorización del sistema;Detección de vulnerabilidades en los sistemas de bases de datos;alto;refuerzo;confidencialidad,integridad,trazabilidad,autenticidad,disponibilidad;automático;;FAIL;SQL Server sql-cloudguardian-lab-8kd45 from subscription Azure subscription 1 (524e42fc-65bd-4b6c-b65d-da2abce9b1d9) has vulnerability assessment disabled.;/subscriptions/524e42fc-65bd-4b6c-b65d-da2abce9b1d9/resourceGroups/rg-cloudguardian-lab/providers/Microsoft.Sql/servers/sql-cloudguardian-lab-8kd45;sqlserver_va_scan_reports_configured;False;sql-cloudguardian-lab-8kd45;ENS;ENS RD 311/2022 - Categoría Alta
azure;The accreditation scheme of the ENS (National Security Scheme) has been developed by the Ministry of Finance and Public Administrations and the CCN (National Cryptological Center). This includes the basic principles and minimum requirements necessary for the adequate protection of information.;Azure subscription 1;centralus;2026-06-30 20:17:09.719034;op.mon.3.r3.az.de.3;Ciberamenazas avanzadas;op.mon.3.r3 ;operacional;monitorización del sistema;Detección de vulnerabilidades en los sistemas de bases de datos;alto;refuerzo;confidencialidad,integridad,trazabilidad,autenticidad,disponibilidad;automático;;PASS;SQL Server sql-cloudguardian-lab-8kd45 from subscription Azure subscription 1 (524e42fc-65bd-4b6c-b65d-da2abce9b1d9) has vulnerability assessment enabled.;/subscriptions/524e42fc-65bd-4b6c-b65d-da2abce9b1d9/resourceGroups/rg-cloudguardian-lab/providers/Microsoft.Sql/servers/sql-cloudguardian-lab-8kd45;sqlserver_vulnerability_assessment_enabled;False;sql-cloudguardian-lab-8kd45;ENS;ENS RD 311/2022 - Categoría Alta
azure;The accreditation scheme of the ENS (National Security Scheme) has been developed by the Ministry of Finance and Public Administrations and the CCN (National Cryptological Center). This includes the basic principles and minimum requirements necessary for the adequate protection of information.;Azure subscription 1;centralus;2026-06-30 20:17:09.719034;op.mon.3.r5.az.1;Minería de datos;op.mon.3.r5 ;operacional;monitorización del sistema;Aplicación de medidas para restringir el acceso a datos sin autorización en los servicios de la nube;alto;refuerzo;confidencialidad,integridad,trazabilidad,autenticidad,disponibilidad;automático;;FAIL;Storage account stcloudguardianlab8kd45 from subscription Azure subscription 1 (524e42fc-65bd-4b6c-b65d-da2abce9b1d9) has allow blob public access enabled.;/subscriptions/524e42fc-65bd-4b6c-b65d-da2abce9b1d9/resourceGroups/rg-cloudguardian-lab/providers/Microsoft.Storage/storageAccounts/stcloudguardianlab8kd45;storage_blob_public_access_level_is_disabled;False;stcloudguardianlab8kd45;ENS;ENS RD 311/2022 - Categoría Alta
azure;The accreditation scheme of the ENS (National Security Scheme) has been developed by the Ministry of Finance and Public Administrations and the CCN (National Cryptological Center). This includes the basic principles and minimum requirements necessary for the adequate protection of information.;Azure subscription 1;centralus;2026-06-30 20:17:09.719034;op.exp.8.r4.az.sa.2;Control de acceso;op.exp.8.r4;operacional;explotación;Configuración del acceso por defecto a las cuentas de almacenamiento definida como denegada;alto;refuerzo;trazabilidad;automático;;FAIL;Storage account stcloudguardianlab8kd45 from subscription Azure subscription 1 (524e42fc-65bd-4b6c-b65d-da2abce9b1d9) has network access rule set to Allow.;/subscriptions/524e42fc-65bd-4b6c-b65d-da2abce9b1d9/resourceGroups/rg-cloudguardian-lab/providers/Microsoft.Storage/storageAccounts/stcloudguardianlab8kd45;storage_default_network_access_rule_is_denied;False;stcloudguardianlab8kd45;ENS;ENS RD 311/2022 - Categoría Alta
azure;The accreditation scheme of the ENS (National Security Scheme) has been developed by the Ministry of Finance and Public Administrations and the CCN (National Cryptological Center). This includes the basic principles and minimum requirements necessary for the adequate protection of information.;Azure subscription 1;centralus;2026-06-30 20:17:09.719034;mp.info.6.r2.az.sa.1;Protección de las copias de seguridad;mp.info.6.r2;medidas de protección;protección de la información;Asegurarse que los servicios de almacenamiento tenga acceso de confianza.;alto;refuerzo;disponibilidad;automático;;PASS;Storage account stcloudguardianlab8kd45 from subscription Azure subscription 1 (524e42fc-65bd-4b6c-b65d-da2abce9b1d9) allows trusted Microsoft services to access this storage account.;/subscriptions/524e42fc-65bd-4b6c-b65d-da2abce9b1d9/resourceGroups/rg-cloudguardian-lab/providers/Microsoft.Storage/storageAccounts/stcloudguardianlab8kd45;storage_ensure_azure_services_are_trusted_to_access_is_enabled;False;stcloudguardianlab8kd45;ENS;ENS RD 311/2022 - Categoría Alta
azure;The accreditation scheme of the ENS (National Security Scheme) has been developed by the Ministry of Finance and Public Administrations and the CCN (National Cryptological Center). This includes the basic principles and minimum requirements necessary for the adequate protection of information.;Azure subscription 1;centralus;2026-06-30 20:17:09.719034;op.exp.10.az.kv.2;Protección de claves criptográficas;op.exp.10 ;operacional;explotación;Habilitación de las claves criptográficas para las cuentas de almacenamiento;alto;requisito;confidencialidad,integridad,trazabilidad,autenticidad,disponibilidad;automático;;FAIL;Storage account stcloudguardianlab8kd45 from subscription Azure subscription 1 (524e42fc-65bd-4b6c-b65d-da2abce9b1d9) does not encrypt with CMKs.;/subscriptions/524e42fc-65bd-4b6c-b65d-da2abce9b1d9/resourceGroups/rg-cloudguardian-lab/providers/Microsoft.Storage/storageAccounts/stcloudguardianlab8kd45;storage_ensure_encryption_with_customer_managed_keys;False;stcloudguardianlab8kd45;ENS;ENS RD 311/2022 - Categoría Alta
azure;The accreditation scheme of the ENS (National Security Scheme) has been developed by the Ministry of Finance and Public Administrations and the CCN (National Cryptological Center). This includes the basic principles and minimum requirements necessary for the adequate protection of information.;Azure subscription 1;centralus;2026-06-30 20:17:09.719034;mp.com.3.r2.az.tls.3;Algoritmos y parámetros autorizados;mp.com.3.r2 ;medidas de protección;protección de las comunicaciones;La versión de TLS para las cuentas de almacenamiento deben ser como mínimo versión 1.2;alto;refuerzo;integridad,autenticidad;automático;;FAIL;Storage account stcloudguardianlab8kd45 from subscription Azure subscription 1 (524e42fc-65bd-4b6c-b65d-da2abce9b1d9) does not have TLS version set to 1.2.;/subscriptions/524e42fc-65bd-4b6c-b65d-da2abce9b1d9/resourceGroups/rg-cloudguardian-lab/providers/Microsoft.Storage/storageAccounts/stcloudguardianlab8kd45;storage_ensure_minimum_tls_version_12;False;stcloudguardianlab8kd45;ENS;ENS RD 311/2022 - Categoría Alta
azure;The accreditation scheme of the ENS (National Security Scheme) has been developed by the Ministry of Finance and Public Administrations and the CCN (National Cryptological Center). This includes the basic principles and minimum requirements necessary for the adequate protection of information.;Azure subscription 1;centralus;2026-06-30 20:17:09.719034;mp.com.4.r2..az.sa.1;Segmentación lógica avanzada;mp.com.4.r2;medidas de protección;protección de las comunicaciones;Habilitar los endpoints privados en cuentas de almacenamiento;alto;refuerzo;confidencialidad,integridad,trazabilidad,autenticidad,disponibilidad;automático;;FAIL;Storage account stcloudguardianlab8kd45 from subscription Azure subscription 1 (524e42fc-65bd-4b6c-b65d-da2abce9b1d9) does not have private endpoint connections.;/subscriptions/524e42fc-65bd-4b6c-b65d-da2abce9b1d9/resourceGroups/rg-cloudguardian-lab/providers/Microsoft.Storage/storageAccounts/stcloudguardianlab8kd45;storage_ensure_private_endpoints_in_storage_accounts;False;stcloudguardianlab8kd45;ENS;ENS RD 311/2022 - Categoría Alta
azure;The accreditation scheme of the ENS (National Security Scheme) has been developed by the Ministry of Finance and Public Administrations and the CCN (National Cryptological Center). This includes the basic principles and minimum requirements necessary for the adequate protection of information.;Azure subscription 1;centralus;2026-06-30 20:17:09.719034;op.exp.10.az.kv.2;Protección de claves criptográficas;op.exp.10 ;operacional;explotación;Habilitación de las claves criptográficas para las cuentas de almacenamiento;alto;requisito;confidencialidad,integridad,trazabilidad,autenticidad,disponibilidad;automático;;FAIL;Storage account stcloudguardianlab8kd45 from subscription Azure subscription 1 (524e42fc-65bd-4b6c-b65d-da2abce9b1d9) has infrastructure encryption disabled.;/subscriptions/524e42fc-65bd-4b6c-b65d-da2abce9b1d9/resourceGroups/rg-cloudguardian-lab/providers/Microsoft.Storage/storageAccounts/stcloudguardianlab8kd45;storage_infrastructure_encryption_is_enabled;False;stcloudguardianlab8kd45;ENS;ENS RD 311/2022 - Categoría Alta
azure;The accreditation scheme of the ENS (National Security Scheme) has been developed by the Ministry of Finance and Public Administrations and the CCN (National Cryptological Center). This includes the basic principles and minimum requirements necessary for the adequate protection of information.;Azure subscription 1;centralus;2026-06-30 20:17:09.719034;op.acc.6.r1.az.eid.2;Contraseñas;op.acc.6.r1;operacional;control de acceso;Las credenciales deberan rotarse cada 90 días o menos;alto;refuerzo;confidencialidad,integridad,trazabilidad,autenticidad;automático;;FAIL;Storage account stcloudguardianlab8kd45 from subscription Azure subscription 1 (524e42fc-65bd-4b6c-b65d-da2abce9b1d9) has no key expiration period set.;/subscriptions/524e42fc-65bd-4b6c-b65d-da2abce9b1d9/resourceGroups/rg-cloudguardian-lab/providers/Microsoft.Storage/storageAccounts/stcloudguardianlab8kd45;storage_key_rotation_90_days;False;stcloudguardianlab8kd45;ENS;ENS RD 311/2022 - Categoría Alta
azure;The accreditation scheme of the ENS (National Security Scheme) has been developed by the Ministry of Finance and Public Administrations and the CCN (National Cryptological Center). This includes the basic principles and minimum requirements necessary for the adequate protection of information.;Azure subscription 1;centralus;2026-06-30 20:17:09.719034;mp.com.3.az.sa.1;Protección de la integridad y de la autenticidad;mp.com.3 ;medidas de protección;protección de las comunicaciones;Asegurarse que la seguridad en transferencia de datos para  las cuentas de almacenamiento esté habilitada;alto;requisito;integridad,autenticidad;automático;;FAIL;Storage account stcloudguardianlab8kd45 from subscription Azure subscription 1 (524e42fc-65bd-4b6c-b65d-da2abce9b1d9) has secure transfer required disabled.;/subscriptions/524e42fc-65bd-4b6c-b65d-da2abce9b1d9/resourceGroups/rg-cloudguardian-lab/providers/Microsoft.Storage/storageAccounts/stcloudguardianlab8kd45;storage_secure_transfer_required_is_enabled;False;stcloudguardianlab8kd45;ENS;ENS RD 311/2022 - Categoría Alta
azure;The accreditation scheme of the ENS (National Security Scheme) has been developed by the Ministry of Finance and Public Administrations and the CCN (National Cryptological Center). This includes the basic principles and minimum requirements necessary for the adequate protection of information.;;;2026-06-30 20:17:09.719034;op.acc.3.r1.az.eid.1;Segregación rigurosa;op.acc.3.r1;operacional;control de acceso;La configuración, manenimiento, auditoría o supervisión no debe ser realizada por la misma persona, se deberá asignar roles específicos para cada usuario o grupo en el directorio de roles de Microsoft Entra.;alto;refuerzo;confidencialidad,integridad,trazabilidad,autenticidad;manual;;MANUAL;Manual check;manual_check;manual;False;Manual check;ENS;ENS RD 311/2022 - Categoría Alta
azure;The accreditation scheme of the ENS (National Security Scheme) has been developed by the Ministry of Finance and Public Administrations and the CCN (National Cryptological Center). This includes the basic principles and minimum requirements necessary for the adequate protection of information.;;;2026-06-30 20:17:09.719034;op.acc.6.r9.az;Acceso remoto;op.acc.6.r9;operacional;control de acceso;;alto;refuerzo;confidencialidad,integridad,trazabilidad,autenticidad;manual;;MANUAL;Manual check;manual_check;manual;False;Manual check;ENS;ENS RD 311/2022 - Categoría Alta
azure;The accreditation scheme of the ENS (National Security Scheme) has been developed by the Ministry of Finance and Public Administrations and the CCN (National Cryptological Center). This includes the basic principles and minimum requirements necessary for the adequate protection of information.;;;2026-06-30 20:17:09.719034;op.exp8.r2.az.wc.1;Sincronización del reloj del sistema;op.exp.8.r2;operacional;explotación;;alto;refuerzo;trazabilidad;manual;;MANUAL;Manual check;manual_check;manual;False;Manual check;ENS;ENS RD 311/2022 - Categoría Alta
azure;The accreditation scheme of the ENS (National Security Scheme) has been developed by the Ministry of Finance and Public Administrations and the CCN (National Cryptological Center). This includes the basic principles and minimum requirements necessary for the adequate protection of information.;;;2026-06-30 20:17:09.719034;op.exp.10.r1.az.key.1;Algoritmos autorizados;op.exp.10.r1 ;operacional;explotación;Asegurar que los algoritmos utilizados estén aprobados por el CCN;alto;refuerzo;confidencialidad,integridad,trazabilidad,autenticidad,disponibilidad;manual;;MANUAL;Manual check;manual_check;manual;False;Manual check;ENS;ENS RD 311/2022 - Categoría Alta
azure;The accreditation scheme of the ENS (National Security Scheme) has been developed by the Ministry of Finance and Public Administrations and the CCN (National Cryptological Center). This includes the basic principles and minimum requirements necessary for the adequate protection of information.;;;2026-06-30 20:17:09.719034;op.cont.2.az.con.1;Plan de continuidad;op.cont.2 ;operacional;continuidad del servicio;Garantizar la resiliencia y la continuidad a través de planes de recuperación de desastres;alto;requisito;disponibilidad;manual;;MANUAL;Manual check;manual_check;manual;False;Manual check;ENS;ENS RD 311/2022 - Categoría Alta
azure;The accreditation scheme of the ENS (National Security Scheme) has been developed by the Ministry of Finance and Public Administrations and the CCN (National Cryptological Center). This includes the basic principles and minimum requirements necessary for the adequate protection of information.;;;2026-06-30 20:17:09.719034;mp.com.3.r3.az.1;Dispositivos hardware;mp.com.3.r3 ;medidas de protección;protección de las comunicaciones;Protección de los dispositivos de hardware;alto;refuerzo;integridad,autenticidad;manual;;MANUAL;Manual check;manual_check;manual;False;Manual check;ENS;ENS RD 311/2022 - Categoría Alta
azure;The accreditation scheme of the ENS (National Security Scheme) has been developed by the Ministry of Finance and Public Administrations and the CCN (National Cryptological Center). This includes the basic principles and minimum requirements necessary for the adequate protection of information.;;;2026-06-30 20:17:09.719034;mp.com.3.r4.az.1;Productos certificados;mp.com.3.r4 ;medidas de protección;protección de las comunicaciones;Se utilizará productos certificados CPSTIC del CCN.;alto;refuerzo;integridad,autenticidad;manual;;MANUAL;Manual check;manual_check;manual;False;Manual check;ENS;ENS RD 311/2022 - Categoría Alta
azure;The accreditation scheme of the ENS (National Security Scheme) has been developed by the Ministry of Finance and Public Administrations and the CCN (National Cryptological Center). This includes the basic principles and minimum requirements necessary for the adequate protection of information.;;;2026-06-30 20:17:09.719034;mp.info.2.az.1;Calificación de la información;mp.info.2;medidas de protección;protección de la información;Configuración de etiquetas para todos los servicios de Azure;alto;requisito;confidencialidad;manual;;MANUAL;Manual check;manual_check;manual;False;Manual check;ENS;ENS RD 311/2022 - Categoría Alta
azure;The accreditation scheme of the ENS (National Security Scheme) has been developed by the Ministry of Finance and Public Administrations and the CCN (National Cryptological Center). This includes the basic principles and minimum requirements necessary for the adequate protection of information.;;;2026-06-30 20:17:09.719034;mp.info.6.az.1;Copias de seguridad;mp.info.6;medidas de protección;protección de la información;Creación de plan de backup para los servicios de Azure;alto;requisito;disponibilidad;manual;;MANUAL;Manual check;manual_check;manual;False;Manual check;ENS;ENS RD 311/2022 - Categoría Alta
azure;The accreditation scheme of the ENS (National Security Scheme) has been developed by the Ministry of Finance and Public Administrations and the CCN (National Cryptological Center). This includes the basic principles and minimum requirements necessary for the adequate protection of information.;;;2026-06-30 20:17:09.719034;mp.info.6.r1.az.1;Pruebas de recuperación;mp.info.6.r1;medidas de protección;protección de la información;Creación del plan de recuperación para los servicios de Azure;alto;refuerzo;disponibilidad;manual;;MANUAL;Manual check;manual_check;manual;False;Manual check;ENS;ENS RD 311/2022 - Categoría Alta
